timestamp,asset_id,breath_id,generator_rpm,vibration_u_in,oil_pressure
2026-03-01 00:00:00,WTG-08,1919,1306.97730889832,2.7489902727915165,40.74604735048945
2026-03-01 00:15:00,WTG-08,2586,1165.6262315351705,2.3601561972134446,33.730024854856566
2026-03-01 00:30:00,WTG-08,3313,1346.1997602608837,2.85088350472176,46.988062856745685
2026-03-01 00:45:00,WTG-08,4191,1731.1148353182998,3.5238219765644074,47.5612668178494
2026-03-01 01:00:00,WTG-08,3759,963.94822801684,2.306619389424437,32.056478328314356
2026-03-01 01:15:00,WTG-08,4988,1174.6435939311536,2.3066284463877196,33.84177050145194
2026-03-01 01:30:00,WTG-08,2271,1786.2462507757696,3.5722514064790944,52.79586013322477
2026-03-01 01:45:00,WTG-08,1069,1385.531396884537,2.9344805199827118,40.646672440740055
2026-03-01 02:00:00,WTG-08,4924,1156.1986531490256,2.1805481726115703,30.4575940720002
2026-03-01 02:15:00,WTG-08,3104,1483.5201446413564,2.7795262617574013,44.43510950970733
2026-03-01 02:30:00,WTG-08,2405,931.0944482260003,2.1837008693257953,27.6195923361709
2026-03-01 02:45:00,WTG-08,3086,1014.9759254383066,2.1824968065898562,31.655479005182844
2026-03-01 03:00:00,WTG-08,3007,1215.8565456389501,2.58554156123536,36.89822209763282
2026-03-01 03:15:00,WTG-08,1800,800.0,1.5501687643048552,27.98997274806118
2026-03-01 03:30:00,WTG-08,4514,892.9932429009618,1.620091517415574,31.407340367265697
2026-03-01 03:45:00,WTG-08,2041,1047.0315799082862,2.132828387571133,26.157830788109578
2026-03-01 04:00:00,WTG-08,3779,931.6901201909839,1.91628320864409,32.29456610868337
2026-03-01 04:15:00,WTG-08,1824,1115.0471387450552,2.630866750371461,27.51973202680238
2026-03-01 04:30:00,WTG-08,1755,1045.7927916566853,1.9645019772715253,34.31306319038923
2026-03-01 04:45:00,WTG-08,3399,800.0,1.743657718721396,27.098693923514343
2026-03-01 05:00:00,WTG-08,2995,1743.5217278579019,3.475056929662538,42.74906737742453
2026-03-01 05:15:00,WTG-08,2839,1183.3604365392064,2.3112454854867743,35.96570932882324
2026-03-01 05:30:00,WTG-08,2321,1375.8059485233625,2.4794801778789948,38.9316978888993
2026-03-01 05:45:00,WTG-08,3330,800.0,1.7385520466156146,20.206173710323124
2026-03-01 06:00:00,WTG-08,2609,800.0,2.141948132074511,30.75426165349503
2026-03-01 06:15:00,WTG-08,1109,1271.1023186217612,2.505434728292783,34.86467385546574
2026-03-01 06:30:00,WTG-08,2016,1107.3605008653465,1.854618765428522,29.18893038037014
2026-03-01 06:45:00,WTG-08,4251,1458.9185438142472,2.670047817040607,44.14603101445288
2026-03-01 07:00:00,WTG-08,2961,1077.6815376531717,2.1134311922514186,35.75839486108723
2026-03-01 07:15:00,WTG-08,3591,1088.388471771296,2.2751041806690013,31.943411223088244
2026-03-01 07:30:00,WTG-08,2769,1137.1591181535205,2.112893716979579,39.946626272951875
2026-03-01 07:45:00,WTG-08,4865,1800.0,3.8175674612483905,56.654878309820454
2026-03-01 08:00:00,WTG-08,1024,1263.518512764221,2.431765471657198,27.014498784269477
2026-03-01 08:15:00,WTG-08,1842,998.556263461431,1.8960184950895367,27.309353086307887
2026-03-01 08:30:00,WTG-08,3838,1592.9224739372657,2.973802966374756,44.978463721359475
2026-03-01 08:45:00,WTG-08,1737,1188.0883435309042,1.824244679279593,38.03945507307424
2026-03-01 09:00:00,WTG-08,3104,1321.7712895492239,2.5650593856626944,26.529053404606156
2026-03-01 09:15:00,WTG-08,1179,800.0,1.5334476247211817,36.74504854358861
2026-03-01 09:30:00,WTG-08,1231,886.7370085280364,1.7785888794944718,29.25724073031214
2026-03-01 09:45:00,WTG-08,2917,1101.9293293568783,2.55767383969158,33.802263900294804
2026-03-01 10:00:00,WTG-08,1342,1387.542315590564,2.9140272573989394,47.534108049812644
2026-03-01 10:15:00,WTG-08,1476,1230.101908678554,2.5420603049797292,48.62132752441974
2026-03-01 10:30:00,WTG-08,2822,1134.076822818202,2.372971325223322,38.376037907488076
2026-03-01 10:45:00,WTG-08,3623,1150.232132985643,2.2699932915645413,39.25102947192739
2026-03-01 11:00:00,WTG-08,1454,800.0,1.7166716559127908,24.65345012232191
2026-03-01 11:15:00,WTG-08,2255,1139.2597845127038,2.0543134355605135,33.47016476854637
2026-03-01 11:30:00,WTG-08,1288,1092.5951978727505,2.1851489827618615,30.398878716158006
2026-03-01 11:45:00,WTG-08,2236,1572.7574560774146,3.1473749763825523,43.05216372374973
2026-03-01 12:00:00,WTG-08,3305,1291.9698479258343,2.649518639154252,35.32402493927754
2026-03-01 12:15:00,WTG-08,1529,818.3555584726747,1.6056729801735536,17.797886932465325
2026-03-01 12:30:00,WTG-08,3734,1401.058933248738,2.6370982135639487,41.65241074403702
2026-03-01 12:45:00,WTG-08,3976,1025.7419586222293,2.2249099603866385,22.34892087253494
2026-03-01 13:00:00,WTG-08,3276,971.8869588627671,2.0753972155405855,30.111191386601565
2026-03-01 13:15:00,WTG-08,4297,1382.741538070887,2.8262282818971065,41.3005931019149
2026-03-01 13:30:00,WTG-08,1595,1429.1821084502271,3.127538401595097,43.61013974544026
2026-03-01 13:45:00,WTG-08,4874,1444.5718915206674,3.052995354985634,40.72649889552006
2026-03-01 14:00:00,WTG-08,1434,950.8038644731351,1.996851903655202,43.908417785096574
2026-03-01 14:15:00,WTG-08,1881,1220.2383189790337,2.2655988018155218,43.40772907027257
2026-03-01 14:30:00,WTG-08,4068,1347.0841592770453,2.641656052753705,34.18981227788775
2026-03-01 14:45:00,WTG-08,2781,1562.286705803442,3.085855429333375,48.032941611237746
2026-03-01 15:00:00,WTG-08,1401,1172.8443125433923,2.1755090326531903,32.14529866161515
2026-03-01 15:15:00,WTG-08,3669,1153.030012568695,2.333534382817269,29.518501743523778
2026-03-01 15:30:00,WTG-08,4837,976.2056027691982,1.8743182355526185,22.58580772745627
2026-03-01 15:45:00,WTG-08,3135,907.1265834991855,1.8348975175848703,29.374880958771833
2026-03-01 16:00:00,WTG-08,3631,1509.8431106278038,2.966613751375682,41.88839214348624
2026-03-01 16:15:00,WTG-08,4964,1633.7205473800038,3.383992826282324,53.850746541526135
2026-03-01 16:30:00,WTG-08,2565,955.0703605867334,2.3979041528287524,33.6210218902542
2026-03-01 16:45:00,WTG-08,4755,1539.9823582803385,3.1068205489979377,53.069042674467404
2026-03-01 17:00:00,WTG-08,1308,1472.7891540668018,2.6610286809136157,39.92174079163353
2026-03-01 17:15:00,WTG-08,3953,1138.2042062597109,2.0911653320711032,36.52295424125138
2026-03-01 17:30:00,WTG-08,1342,1426.9771260619457,2.660874755205657,45.97158486506987
2026-03-01 17:45:00,WTG-08,1435,1800.0,3.5366911779396144,51.62910912448017
2026-03-01 18:00:00,WTG-08,1176,1218.2584314087796,2.4187853446252716,32.68889315529901
2026-03-01 18:15:00,WTG-08,1138,1799.5453028180425,3.559627464154966,62.033962413421136
2026-03-01 18:30:00,WTG-08,1193,800.0,1.3153884334073538,25.13747937866027
2026-03-01 18:45:00,WTG-08,4257,1455.063446960386,2.973341465126182,46.83174216237027
2026-03-01 19:00:00,WTG-08,4289,1307.1369854226164,2.4911197408910044,35.10372950353885
2026-03-01 19:15:00,WTG-08,4235,1255.9538703880926,2.2711308533424215,31.582193779031805
2026-03-01 19:30:00,WTG-08,2184,1233.024953455139,2.493939162046478,34.143499731193614
2026-03-01 19:45:00,WTG-08,1942,800.0,1.5234845460181625,23.379893063050016
2026-03-01 20:00:00,WTG-08,1524,1157.3641211408408,2.3146226505103624,29.39982360013848
2026-03-01 20:15:00,WTG-08,4879,1389.187747055043,2.658134144324263,41.62640836839937
2026-03-01 20:30:00,WTG-08,2624,1598.3169616527803,3.485404886532269,39.50698290924091
2026-03-01 20:45:00,WTG-08,4907,848.0428211996914,2.1553218330268304,19.84104752364138
2026-03-01 21:00:00,WTG-08,4113,950.6851568516847,2.011477683601686,31.875110946934917
2026-03-01 21:15:00,WTG-08,3962,959.8409291581585,2.1638243434991487,31.814180476134226
2026-03-01 21:30:00,WTG-08,3257,1469.834316836297,3.041296673202056,42.13564567815457
2026-03-01 21:45:00,WTG-08,1740,1305.2520628831044,2.640060189529703,34.06874034110836
2026-03-01 22:00:00,WTG-08,1861,1029.3883590348437,2.1494263998742897,25.744633013415253
2026-03-01 22:15:00,WTG-08,4346,1525.234431698845,2.7599753565035408,43.890691721258776
2026-03-01 22:30:00,WTG-08,1953,1281.2361191593066,2.4971232853981493,41.65967603300565
2026-03-01 22:45:00,WTG-08,2302,1570.4020193481617,3.0807091667741577,51.75328903716647
2026-03-01 23:00:00,WTG-08,2274,1093.7332887133518,2.0630251486180233,30.329339983990707
2026-03-01 23:15:00,WTG-08,4381,1013.9332393404247,2.2556331022370033,24.650535050288823
2026-03-01 23:30:00,WTG-08,2743,1214.5016285445763,2.2211808996050992,37.77426704566896
2026-03-01 23:45:00,WTG-08,3880,853.7977778509197,1.7227484130089314,21.496258482398343
2026-03-02 00:00:00,WTG-08,3187,1376.7597660669953,2.619423408685748,38.711529787703846
2026-03-02 00:15:00,WTG-08,1791,1191.5312932789607,2.5974340331659524,42.37231925055401
2026-03-02 00:30:00,WTG-08,1545,1065.943965982288,2.442639685167789,36.11389612229748
2026-03-02 00:45:00,WTG-08,2844,1234.9790244700575,2.3063801173351095,37.83924229535898
2026-03-02 01:00:00,WTG-08,2016,908.839907850878,1.7423979104822527,20.905602229962724
2026-03-02 01:15:00,WTG-08,2927,1012.8456589337889,2.20610162873908,31.44235260536696
2026-03-02 01:30:00,WTG-08,2553,1036.8019414740622,2.247536499203063,36.417344698159496
2026-03-02 01:45:00,WTG-08,1056,1119.7687728647138,2.014450588846474,31.714894857113734
2026-03-02 02:00:00,WTG-08,3159,1054.6515919161218,2.347185562405709,38.39511820741723
2026-03-02 02:15:00,WTG-08,1004,1508.4320806261376,2.688329570601083,51.71668886637516
2026-03-02 02:30:00,WTG-08,4481,1800.0,3.8492149646333806,62.31866416071737
2026-03-02 02:45:00,WTG-08,2437,1335.8494719441753,2.544020558766674,41.601699790982025
2026-03-02 03:00:00,WTG-08,4253,1264.761496947762,2.595246689045321,40.87980340746292
2026-03-02 03:15:00,WTG-08,4084,1258.57137980874,2.3965052734010115,44.82807783591765
2026-03-02 03:30:00,WTG-08,2362,800.0,1.5481794215176954,26.236969685344878
2026-03-02 03:45:00,WTG-08,2820,1195.815639546254,2.4241898603069667,33.36829864743656
2026-03-02 04:00:00,WTG-08,2282,1241.663306246216,2.475142777413288,35.00718500474718
2026-03-02 04:15:00,WTG-08,3137,1800.0,4.431052257679798,55.192774768868695
2026-03-02 04:30:00,WTG-08,3663,1238.9800525087367,2.329795235933448,30.716594465531006
2026-03-02 04:45:00,WTG-08,3938,1260.1006420781691,2.6228439974506554,37.08672468552411
2026-03-02 05:00:00,WTG-08,3745,1186.8556947128134,2.4194313724936305,41.08840643253567
2026-03-02 05:15:00,WTG-08,2273,824.0043209748075,1.8468785168713173,13.763860373417817
2026-03-02 05:30:00,WTG-08,4326,1350.4515762484295,3.213369884255921,48.18595779642546
2026-03-02 05:45:00,WTG-08,4659,1442.6557056172585,2.923516963754551,48.891542262033546
2026-03-02 06:00:00,WTG-08,3945,1716.8872437746836,2.951251403226784,49.20779423408812
2026-03-02 06:15:00,WTG-08,4018,1060.393718652723,1.9638665797258412,34.52876569894074
2026-03-02 06:30:00,WTG-08,2131,1709.2925084307356,3.42243709280835,51.2945138874537
2026-03-02 06:45:00,WTG-08,1667,847.6901548600205,1.7479584755616946,31.580656487994027
2026-03-02 07:00:00,WTG-08,3641,1406.9290667368891,2.809364954911369,47.121287715956385
2026-03-02 07:15:00,WTG-08,3636,1800.0,4.145535415217461,46.999646384084954
2026-03-02 07:30:00,WTG-08,3532,845.1361630240108,1.9264348891097904,28.290396958041207
2026-03-02 07:45:00,WTG-08,4029,1176.8278677422304,2.1307913965506864,34.276696764050676
2026-03-02 08:00:00,WTG-08,4019,1320.8712416236572,2.4986662201590657,40.04030010130021
2026-03-02 08:15:00,WTG-08,2281,1153.2874757714064,2.1629378064012257,30.957764768293114
2026-03-02 08:30:00,WTG-08,3686,887.7354526484396,1.6877757575349337,35.372748925057365
2026-03-02 08:45:00,WTG-08,1996,1242.0095713952044,2.4800958112516107,42.46059624136901
2026-03-02 09:00:00,WTG-08,2926,1014.2648720633163,1.8939574969332684,26.729090342034652
2026-03-02 09:15:00,WTG-08,1281,1426.042482915306,2.7337221390823365,36.10822145290801
2026-03-02 09:30:00,WTG-08,4033,944.1937478494175,1.9591956378870397,26.397449280593282
2026-03-02 09:45:00,WTG-08,4159,1716.1041702748976,3.546928695129175,53.655638338703454
2026-03-02 10:00:00,WTG-08,2227,1021.9743250711098,2.0235773910898223,31.860258971864408
2026-03-02 10:15:00,WTG-08,3063,1284.2287362926447,2.258653442286252,44.79252621262056
2026-03-02 10:30:00,WTG-08,4222,1359.7514554581082,2.9673243260469966,44.742142274647506
2026-03-02 10:45:00,WTG-08,1935,800.0,1.8199305651153275,28.847845128764533
2026-03-02 11:00:00,WTG-08,1253,1304.7492527468894,2.5765463372464756,40.77675458545886
2026-03-02 11:15:00,WTG-08,2211,1677.05398241755,3.3439304244638968,43.36512582147155
2026-03-02 11:30:00,WTG-08,1328,850.0246245768776,1.6653809162796736,24.522246081571822
2026-03-02 11:45:00,WTG-08,3591,1299.4816119236662,2.550172584265632,44.28489705725332
2026-03-02 12:00:00,WTG-08,3830,1276.0308214723855,2.596702093871732,38.02331000154833
2026-03-02 12:15:00,WTG-08,4044,1621.3336472020026,2.9446946066835884,51.15546125917881
2026-03-02 12:30:00,WTG-08,2420,800.0,1.8173155111921304,22.406258423769334
2026-03-02 12:45:00,WTG-08,2540,808.0681233717019,1.781835651699453,19.09298445844183
2026-03-02 13:00:00,WTG-08,4530,1372.5494539932617,2.7657498600163333,40.559763299567294
2026-03-02 13:15:00,WTG-08,4401,1145.6650751357834,2.6199679125024,35.915189469236765
2026-03-02 13:30:00,WTG-08,4891,1277.8385568654521,2.5908479946173184,35.05671810865634
2026-03-02 13:45:00,WTG-08,3892,1491.8085219521272,2.651323010758651,43.57569943428047
2026-03-02 14:00:00,WTG-08,2192,1039.0214152920082,2.073865532924824,26.473326248830332
2026-03-02 14:15:00,WTG-08,2716,1312.8281456792683,2.5795161102148,44.98106895819853
2026-03-02 14:30:00,WTG-08,3413,1182.7357548885805,2.6175044628116773,34.009793858717245
2026-03-02 14:45:00,WTG-08,2201,966.8633279484567,2.056998937504809,36.26967756408462
2026-03-02 15:00:00,WTG-08,1654,1800.0,3.83013202244303,61.64373925270454
2026-03-02 15:15:00,WTG-08,2385,1335.168735316353,2.733880489983953,39.64983223588187
2026-03-02 15:30:00,WTG-08,1759,1046.6770930788914,1.837025427157029,26.358069129629992
2026-03-02 15:45:00,WTG-08,3686,1484.262585943938,2.856986959742851,34.098388189651445
2026-03-02 16:00:00,WTG-08,2798,855.6985188180568,1.93368862902352,18.310770199407745
2026-03-02 16:15:00,WTG-08,2063,1498.870014881892,2.9484390740773834,38.096926321963466
2026-03-02 16:30:00,WTG-08,3971,1662.6575414031088,3.2256707331068606,56.772074379400784
2026-03-02 16:45:00,WTG-08,1415,1116.8458711110902,2.005661934517927,34.084499069467434
2026-03-02 17:00:00,WTG-08,4426,1696.4468265082385,3.076785515702802,52.84142741570709
2026-03-02 17:15:00,WTG-08,1254,1245.4829879937524,2.6939848143530787,26.262384595136936
2026-03-02 17:30:00,WTG-08,2166,1405.64160736148,2.9734547169650276,36.179416074758095
2026-03-02 17:45:00,WTG-08,4823,1800.0,3.859170215438896,58.43539888223143
2026-03-02 18:00:00,WTG-08,4811,1126.813206834124,2.300430385489644,35.238266766936654
2026-03-02 18:15:00,WTG-08,2876,1065.5480940508248,2.037824513212383,31.230416428096756
2026-03-02 18:30:00,WTG-08,3757,1085.3083457452847,1.9731497881727489,35.383462165359155
2026-03-02 18:45:00,WTG-08,3624,996.397128036235,2.0079844608009747,38.07090287176612
2026-03-02 19:00:00,WTG-08,1899,1165.5057568949896,2.394981018440948,33.859960389164435
2026-03-02 19:15:00,WTG-08,3058,1339.1493716356488,2.6479471448215497,40.52133016235981
2026-03-02 19:30:00,WTG-08,4691,1220.0933658624494,2.6072153120509034,37.565785569530014
2026-03-02 19:45:00,WTG-08,1025,1697.522530089389,2.977137315839823,62.88622407905163
2026-03-02 20:00:00,WTG-08,4004,1062.8659893059787,2.447264184035569,21.389198357084233
2026-03-02 20:15:00,WTG-08,1420,1750.899282845342,3.4648504499115393,55.9430935593043
2026-03-02 20:30:00,WTG-08,4734,1347.2886256989439,2.28985600755196,39.844647527172995
2026-03-02 20:45:00,WTG-08,2244,1800.0,4.718372136735658,56.8338586309209
2026-03-02 21:00:00,WTG-08,2876,1398.8864381587066,2.835780683317712,38.679730374787574
2026-03-02 21:15:00,WTG-08,3543,958.4372359734303,1.9883635565089461,28.508291924910658
2026-03-02 21:30:00,WTG-08,2260,927.0156572936187,1.8901096509397188,31.367522616136036
2026-03-02 21:45:00,WTG-08,3284,1507.0725909163482,2.7395754868973903,60.77672873270964
2026-03-02 22:00:00,WTG-08,2008,935.0762053180076,2.3125247929019164,32.092467106550586
2026-03-02 22:15:00,WTG-08,1218,1601.777235653943,2.896867731048621,43.812989079465744
2026-03-02 22:30:00,WTG-08,2510,1224.3485519040532,2.7334885342981354,34.611658147008086
2026-03-02 22:45:00,WTG-08,2959,1172.0516796336296,2.3974338251141423,32.89447984708962
2026-03-02 23:00:00,WTG-08,3508,953.7068449735948,1.993262574006922,19.632989486057767
2026-03-02 23:15:00,WTG-08,1662,909.8836389684908,1.7020566239828376,25.646058210547537
2026-03-02 23:30:00,WTG-08,3682,936.4498463957918,2.1925245631683334,31.75764080098248
2026-03-02 23:45:00,WTG-08,4215,1545.3315315480625,2.9982285298797366,39.98878535105789
2026-03-03 00:00:00,WTG-08,1989,1486.573287742653,2.5682846508279358,49.839611887532556
2026-03-03 00:15:00,WTG-08,1188,800.0,1.813546681498337,26.43887410542169
2026-03-03 00:30:00,WTG-08,1254,1290.5542180889656,2.543167202655852,35.04545993281378
2026-03-03 00:45:00,WTG-08,1067,1271.919686873409,2.67623580930614,37.449942419513036
2026-03-03 01:00:00,WTG-08,1615,1030.489101272676,1.9758007613067445,38.906282076385445
2026-03-03 01:15:00,WTG-08,3383,1267.571078180742,2.531312600878334,41.69487141295159
2026-03-03 01:30:00,WTG-08,3718,1172.8226830650674,2.473942747938997,35.22859876644276
2026-03-03 01:45:00,WTG-08,3868,977.8581018437532,1.8581417467132915,28.14732647050767
2026-03-03 02:00:00,WTG-08,1873,1509.7176763875227,2.658565730817697,45.674575643883976
2026-03-03 02:15:00,WTG-08,4480,1376.7908009357595,2.7917623602169788,38.74490623836127
2026-03-03 02:30:00,WTG-08,3347,1655.5722937531593,3.1671929990766823,39.14342128399971
2026-03-03 02:45:00,WTG-08,4979,1443.0959901824917,3.1448465719392162,53.50376925814841
2026-03-03 03:00:00,WTG-08,2625,800.0,1.7579512576679448,24.776624995997008
2026-03-03 03:15:00,WTG-08,1356,1022.5719304655578,1.9506626053550402,32.66789423957942
2026-03-03 03:30:00,WTG-08,1255,1528.9872104069668,2.7611512151067408,45.580077562824464
2026-03-03 03:45:00,WTG-08,2007,1415.721429876096,2.76032018999506,38.79605889265994
2026-03-03 04:00:00,WTG-08,3400,1349.273935644481,2.7611594773935932,39.54859566459058
2026-03-03 04:15:00,WTG-08,2755,1800.0,6.229927192678762,46.003026189028446
2026-03-03 04:30:00,WTG-08,4592,1274.2450693612402,2.7985716855164235,49.61278457110373
2026-03-03 04:45:00,WTG-08,3571,1664.3147517522893,3.207726438233505,43.7568825604567
2026-03-03 05:00:00,WTG-08,4908,1623.1419638088528,3.0698173151530237,43.53442749502968
2026-03-03 05:15:00,WTG-08,3997,1381.5065251387593,2.853431116844135,39.24389973223078
2026-03-03 05:30:00,WTG-08,3803,1084.1568333817454,2.2623220963153914,38.96508362571425
2026-03-03 05:45:00,WTG-08,4765,1490.831839741844,2.9284880335532786,44.79750018856859
2026-03-03 06:00:00,WTG-08,1283,970.627395041416,2.028598737290951,22.938142871090168
2026-03-03 06:15:00,WTG-08,4383,1145.9615340307782,2.305149590986721,40.65053782471004
2026-03-03 06:30:00,WTG-08,1098,1296.1221908131242,2.1723000237929453,42.53866885832113
2026-03-03 06:45:00,WTG-08,1196,1219.312163159872,2.488029466468943,39.27153968087842
2026-03-03 07:00:00,WTG-08,3529,1800.0,4.273122855174469,57.5786712058542
2026-03-03 07:15:00,WTG-08,1877,800.0,1.5669474862879478,35.97180950291225
2026-03-03 07:30:00,WTG-08,4297,1513.1883690621535,2.8775383438243196,56.32112554704517
2026-03-03 07:45:00,WTG-08,2868,813.5448265375138,1.6633344877186482,20.97276808110894
2026-03-03 08:00:00,WTG-08,3662,1024.6978656068463,2.179270338877978,38.86036093226115
2026-03-03 08:15:00,WTG-08,3665,1717.9903785672,3.1717199506797975,53.4555523058105
2026-03-03 08:30:00,WTG-08,2388,1380.7346573996053,2.4775487138964833,43.9175188026769
2026-03-03 08:45:00,WTG-08,3415,883.480489923845,1.887045692995431,18.043060539498704
2026-03-03 09:00:00,WTG-08,1569,841.612547227619,2.056533084727361,24.396447589887586
2026-03-03 09:15:00,WTG-08,3637,1537.2093179083263,2.872915897849268,42.052161585566964
2026-03-03 09:30:00,WTG-08,4146,956.126599087066,2.0491791633261327,32.82409204707852
2026-03-03 09:45:00,WTG-08,2065,1363.9347400244533,2.569744360216353,46.27344470274762
2026-03-03 10:00:00,WTG-08,1421,1036.2170060780286,2.4664547756984243,20.7140784272593
2026-03-03 10:15:00,WTG-08,3883,1133.230714288526,2.0879419609171905,33.88674710863443
2026-03-03 10:30:00,WTG-08,2204,1800.0,4.098766834971839,59.60930752397126
2026-03-03 10:45:00,WTG-08,1544,1493.7915126687403,2.8414302015241755,43.88035056849498
2026-03-03 11:00:00,WTG-08,1070,800.0,1.5101757659674788,27.64531822501182
2026-03-03 11:15:00,WTG-08,4639,1180.2500310831144,2.5512879460455578,37.16332827062885
2026-03-03 11:30:00,WTG-08,4176,1000.7393930733577,2.0828860487320715,31.73048295196386
2026-03-03 11:45:00,WTG-08,2223,1566.3102215061724,2.9953567516210047,45.63273175484369
2026-03-03 12:00:00,WTG-08,4172,1020.152389008431,2.019125887393815,24.52166764957438
2026-03-03 12:15:00,WTG-08,1767,1245.1860637238067,2.3734895313531164,31.74793117458906
2026-03-03 12:30:00,WTG-08,3354,1574.88145853361,2.7544748001641226,50.79320632828488
2026-03-03 12:45:00,WTG-08,4657,1346.0836943167844,3.0050157109757794,40.479802107097946
2026-03-03 13:00:00,WTG-08,2706,1078.2835502568626,1.8331245855200005,31.655945284669755
2026-03-03 13:15:00,WTG-08,3424,1136.410898480198,2.2519506094557538,31.972876742794178
2026-03-03 13:30:00,WTG-08,1654,998.9738386094413,2.177704486883508,28.44327093087948
2026-03-03 13:45:00,WTG-08,3725,910.5100953441064,2.0870829158360107,32.54986183276389
2026-03-03 14:00:00,WTG-08,3446,1800.0,3.7377434571924715,52.32377959065987
2026-03-03 14:15:00,WTG-08,2796,1436.6310012029708,2.68893198002105,36.39360646958128
2026-03-03 14:30:00,WTG-08,1220,890.7805666495822,1.8070709573746713,30.44167587718833
2026-03-03 14:45:00,WTG-08,4666,1672.6684937486411,3.043106001447813,49.15567149313565
2026-03-03 15:00:00,WTG-08,1181,1800.0,4.077044872853934,54.15697932766388
2026-03-03 15:15:00,WTG-08,1306,1563.1151049365703,3.1286479994423515,54.93134468009466
2026-03-03 15:30:00,WTG-08,3569,800.0,1.7002462257692523,23.897197213247463
2026-03-03 15:45:00,WTG-08,2419,1122.8058178441179,2.172885259163242,35.13009290091716
2026-03-03 16:00:00,WTG-08,2013,1744.422151025014,3.311466824030568,46.43804707425879
2026-03-03 16:15:00,WTG-08,3051,988.0592271314056,2.060270812999022,28.543429552187366
2026-03-03 16:30:00,WTG-08,3910,1096.6743449207122,2.7141914611668514,35.94786057366437
2026-03-03 16:45:00,WTG-08,4985,1489.68816459941,2.939586699839521,36.91377626877609
2026-03-03 17:00:00,WTG-08,1847,1021.5288644052981,1.9557100184638943,31.650091397737487
2026-03-03 17:15:00,WTG-08,1803,1242.973253505277,2.4050875560182146,37.79315296838234
2026-03-03 17:30:00,WTG-08,4352,800.0,1.1404810611278546,24.206437277937198
2026-03-03 17:45:00,WTG-08,1214,848.4162834917898,1.9110433029133895,30.63828299804491
2026-03-03 18:00:00,WTG-08,4019,1216.2636787024956,2.296484136314901,38.160102935317475
2026-03-03 18:15:00,WTG-08,4681,1025.5863063316026,1.8126711101676103,38.157948681730296
2026-03-03 18:30:00,WTG-08,2443,1631.5109864896235,3.61873948978055,43.97738201671852
2026-03-03 18:45:00,WTG-08,1100,900.1373220771843,1.7363442789705732,27.683742498407266
2026-03-03 19:00:00,WTG-08,4010,1047.538119055211,2.195912204311956,31.848477503606063
2026-03-03 19:15:00,WTG-08,4592,1250.5387422655765,2.517382019151482,32.16988979919189
2026-03-03 19:30:00,WTG-08,1572,1762.0438040064112,3.454552311305155,57.642789130649064
2026-03-03 19:45:00,WTG-08,2332,818.2799751254594,1.7340056630736291,36.171765783027865
2026-03-03 20:00:00,WTG-08,1657,1547.0504038383147,3.2292424235089516,46.32648174273028
2026-03-03 20:15:00,WTG-08,3986,1226.2352176873483,2.4456399518770917,39.31216197198928
2026-03-03 20:30:00,WTG-08,2533,856.5562356026273,1.9305616589778152,26.119279447155456
2026-03-03 20:45:00,WTG-08,4134,1254.5016435040422,2.7261683127851217,34.06712595558538
2026-03-03 21:00:00,WTG-08,2656,1347.449820889741,2.5590249851881812,31.319693237682145
2026-03-03 21:15:00,WTG-08,1225,941.9423595786051,2.1136435261889415,24.729403371881325
2026-03-03 21:30:00,WTG-08,1104,1307.0478629422123,2.4808332257025825,32.251643983507705
2026-03-03 21:45:00,WTG-08,2997,1158.6526704278488,2.2247870822849074,43.28009050313105
2026-03-03 22:00:00,WTG-08,1771,1080.9171337584833,2.5069956132750857,31.851965543138306
2026-03-03 22:15:00,WTG-08,4932,1362.6603423825643,2.8608336152322593,39.150213626241076
2026-03-03 22:30:00,WTG-08,4496,1800.0,3.5781627328335204,58.44576912393903
2026-03-03 22:45:00,WTG-08,4326,810.3555833281822,1.8169442728843008,18.701911985566024
2026-03-03 23:00:00,WTG-08,1428,1800.0,4.087874346338711,50.165679809977235
2026-03-03 23:15:00,WTG-08,1433,814.2897982806883,1.5361674179109972,24.769055294663755
2026-03-03 23:30:00,WTG-08,2230,1254.6037100016765,2.352529318146834,42.78195625716769
2026-03-03 23:45:00,WTG-08,4099,1380.023176382069,2.8103541299730375,43.909120517306015
2026-03-04 00:00:00,WTG-08,3729,1245.2053245966847,2.609912688131698,38.597785450479954
2026-03-04 00:15:00,WTG-08,4407,1193.4156196979588,2.1023572670562163,36.193057267118846
2026-03-04 00:30:00,WTG-08,3635,1334.403173077751,2.321026413395986,42.0332744699664
2026-03-04 00:45:00,WTG-08,4699,1182.0593348563004,2.1683470595562415,36.470044571335286
2026-03-04 01:00:00,WTG-08,4140,1068.0888237780546,2.119114019043104,26.892803339456957
2026-03-04 01:15:00,WTG-08,1865,1415.8274857741228,2.993308115876431,42.70522068138944
2026-03-04 01:30:00,WTG-08,3793,1245.9915871517303,2.6580720556147734,32.011304319963145
2026-03-04 01:45:00,WTG-08,4584,1086.0101658179758,2.0675175105828,32.98571768904339
2026-03-04 02:00:00,WTG-08,4238,1556.689734417532,3.0296998246573272,44.29745232508475
2026-03-04 02:15:00,WTG-08,3911,1453.397144077012,2.626474569564738,56.29882243622467
2026-03-04 02:30:00,WTG-08,4801,1548.472394008867,2.966854769510506,46.25469990150745
2026-03-04 02:45:00,WTG-08,4856,1268.937704944523,2.838491470241009,31.046933317027744
2026-03-04 03:00:00,WTG-08,3415,1106.0476374260088,2.001705751307434,32.51052806939564
2026-03-04 03:15:00,WTG-08,1250,967.1435383612992,2.1338992021854812,31.611099879028416
2026-03-04 03:30:00,WTG-08,3906,1421.724866108314,2.920243986607098,51.01856571401204
2026-03-04 03:45:00,WTG-08,1855,1437.6891694801768,2.8253382977100148,40.18341308471171
2026-03-04 04:00:00,WTG-08,4757,1413.2933244859319,2.427453151015071,34.48665986445975
2026-03-04 04:15:00,WTG-08,2193,1565.6365514741835,2.509289391747295,51.05328160138041
2026-03-04 04:30:00,WTG-08,4829,1720.7284385612986,3.3201122652953607,44.718859627340706
2026-03-04 04:45:00,WTG-08,4161,1040.68057106535,2.1180004658747777,29.039639924423074
2026-03-04 05:00:00,WTG-08,1560,1444.7342974009712,2.7825674651058323,42.05392649447417
2026-03-04 05:15:00,WTG-08,2469,1250.9261942705637,2.32432130336636,37.17961856161637
2026-03-04 05:30:00,WTG-08,3341,1125.7957767532484,2.3157250786179353,37.21969558796913
2026-03-04 05:45:00,WTG-08,1918,1769.1586869076382,3.179275102632812,49.65658919579721
2026-03-04 06:00:00,WTG-08,2173,1510.9404224081761,2.975866692978072,43.95956641141147
2026-03-04 06:15:00,WTG-08,4203,1533.4337546547317,2.967318891491185,45.93166087489501
2026-03-04 06:30:00,WTG-08,1432,1737.8830616652317,3.3425812729195714,52.884481637550884
2026-03-04 06:45:00,WTG-08,3106,1268.1409393122237,2.451964556501556,38.53336405290633
2026-03-04 07:00:00,WTG-08,1968,1521.1685935464548,2.874549086998987,47.81508668250654
2026-03-04 07:15:00,WTG-08,1835,1070.7886991585192,2.2650280356264227,36.342858522964264
2026-03-04 07:30:00,WTG-08,3246,1262.7450584063886,2.637150467601983,39.84552233044649
2026-03-04 07:45:00,WTG-08,3262,1072.359416857714,2.364749680309767,34.43871012327751
2026-03-04 08:00:00,WTG-08,1897,1292.4873200406635,2.4970743939572815,30.863503767487515
2026-03-04 08:15:00,WTG-08,4632,1485.3899891424437,2.8149926775824645,44.812838170101706
2026-03-04 08:30:00,WTG-08,1471,1049.1948148857252,2.0068350565410733,33.873382186579796
2026-03-04 08:45:00,WTG-08,4815,1800.0,4.047556654033242,57.64470597285225
2026-03-04 09:00:00,WTG-08,1246,959.1302806894091,1.9193797651446276,25.312154549513302
2026-03-04 09:15:00,WTG-08,3429,980.4320631360442,1.827115795153586,26.117765519638102
2026-03-04 09:30:00,WTG-08,1990,1503.4759116858422,3.2252919985995474,42.23377397415727
2026-03-04 09:45:00,WTG-08,4310,1437.1405513461013,2.951701043187083,45.79628603983976
2026-03-04 10:00:00,WTG-08,1926,1486.9150066950372,2.8347224618769187,49.77685547547215
2026-03-04 10:15:00,WTG-08,4438,1503.7167172155653,2.8376130122825014,43.07420098000895
2026-03-04 10:30:00,WTG-08,2191,1186.8505681050844,2.4324945257430053,40.14532861128777
2026-03-04 10:45:00,WTG-08,3607,977.6044623104262,1.9695287749924657,29.945532915135757
2026-03-04 11:00:00,WTG-08,2074,1090.4169401318422,2.484408629599846,32.09107931814309
2026-03-04 11:15:00,WTG-08,2834,1001.9364988570317,2.0752788378753855,29.001173816621105
2026-03-04 11:30:00,WTG-08,4681,1631.8072689480505,3.0855379051921434,52.6872748914523
2026-03-04 11:45:00,WTG-08,4799,1235.117111832186,2.3551932204430592,38.68140243890093
2026-03-04 12:00:00,WTG-08,1688,1051.7512880975767,2.0033694319189115,42.931665781165485
2026-03-04 12:15:00,WTG-08,3427,1134.4864236604533,2.259018109884715,29.773469494826973
2026-03-04 12:30:00,WTG-08,3521,1347.7475321617196,2.6940824325978037,43.02293447500147
2026-03-04 12:45:00,WTG-08,4151,1000.0169926354527,2.1320982131655946,27.354504730006013
2026-03-04 13:00:00,WTG-08,3744,1072.3474978105903,2.004929311580674,27.82398999937449
2026-03-04 13:15:00,WTG-08,4438,1335.4041168628517,2.5866136448478256,40.00778782071068
2026-03-04 13:30:00,WTG-08,2484,1342.9064299585816,2.5874090903186033,40.97395529579263
2026-03-04 13:45:00,WTG-08,3958,1027.9716463003645,2.161150261134245,45.430017164311394
2026-03-04 14:00:00,WTG-08,4610,874.5331475392853,2.1797348790528193,25.315265347762548
2026-03-04 14:15:00,WTG-08,4523,1399.41017467687,2.579389807003001,36.33141159288268
2026-03-04 14:30:00,WTG-08,4535,816.6265049508534,1.7290205011033875,25.86384873599753
2026-03-04 14:45:00,WTG-08,1959,800.0,1.7456477182360879,13.626799812268159
2026-03-04 15:00:00,WTG-08,1477,1096.8466705386081,2.0549975586944176,32.445616203136915
2026-03-04 15:15:00,WTG-08,4051,1119.8345829539705,2.3180716938917674,33.675163900094915
2026-03-04 15:30:00,WTG-08,3973,1420.370891396081,2.628754505982838,46.584128656608485
2026-03-04 15:45:00,WTG-08,4491,1800.0,3.483257674109194,58.86811124713923
2026-03-04 16:00:00,WTG-08,1706,1567.9280405346706,2.9991422164292456,44.51999312150153
2026-03-04 16:15:00,WTG-08,4285,1037.3756947241689,2.3479425316884446,30.3682007685754
2026-03-04 16:30:00,WTG-08,4440,1335.4696218038255,2.4285504465303704,36.233484501061405
2026-03-04 16:45:00,WTG-08,3901,986.608535068788,1.920966963890805,23.95794327802517
2026-03-04 17:00:00,WTG-08,2137,1177.493947089132,2.4288433220275047,36.87429230957713
2026-03-04 17:15:00,WTG-08,4064,1152.7164605171372,2.276755227565824,28.21356607253112
2026-03-04 17:30:00,WTG-08,1753,1140.4926352804534,2.636232317140571,32.14164455555429
2026-03-04 17:45:00,WTG-08,3550,1042.1375914166938,2.0025446205372535,26.288257943004623
2026-03-04 18:00:00,WTG-08,2659,1279.073339898129,2.7640209814326724,41.12061612839517
2026-03-04 18:15:00,WTG-08,3864,1630.804266905057,3.532142590978821,57.93127850348415
2026-03-04 18:30:00,WTG-08,1587,1036.2084963882307,2.3768888300200395,24.578314977630264
2026-03-04 18:45:00,WTG-08,2334,1454.6770375961844,2.6868164001943837,34.375218713397686
2026-03-04 19:00:00,WTG-08,2492,1377.1919132736125,2.8802365052857826,40.69132297145804
2026-03-04 19:15:00,WTG-08,2847,1261.549861189228,2.216354180395156,37.924984815465635
2026-03-04 19:30:00,WTG-08,3755,1233.6510043875596,2.5744623013855787,38.102826665413275
2026-03-04 19:45:00,WTG-08,4934,1052.7761544352725,2.447023900389134,29.35168205688645
2026-03-04 20:00:00,WTG-08,4115,1137.088561651902,2.4974820112935356,33.109460355429896
2026-03-04 20:15:00,WTG-08,4486,1137.8360366535262,2.0285097493056647,35.972633152308795
2026-03-04 20:30:00,WTG-08,4769,1211.4237586579013,2.454027152903136,41.54486722296124
2026-03-04 20:45:00,WTG-08,4926,1320.0916837187683,2.7498408267356567,29.827506659971633
2026-03-04 21:00:00,WTG-08,4317,1747.421901428693,3.462840157686829,50.577959847703475
2026-03-04 21:15:00,WTG-08,4155,1587.0442392226012,3.0737319312116935,48.68037114638335
2026-03-04 21:30:00,WTG-08,1206,1800.0,4.108013028407239,49.41011947694632
2026-03-04 21:45:00,WTG-08,3198,1160.4707202257741,2.031241594472963,43.46996976560972
2026-03-04 22:00:00,WTG-08,3715,1468.917037774863,3.0097878047075435,40.8904617321022
2026-03-04 22:15:00,WTG-08,3575,1142.0859296218557,2.549381396460119,34.05611445361926
2026-03-04 22:30:00,WTG-08,1164,1800.0,4.14487534632233,56.780110484211455
2026-03-04 22:45:00,WTG-08,3964,1031.813561737935,2.011571022159293,27.997982908128577
2026-03-04 23:00:00,WTG-08,2998,901.9304894473862,1.9966127641368947,17.8250494443995
2026-03-04 23:15:00,WTG-08,4216,961.3141565882617,2.1140584961555318,26.696152063065185
2026-03-04 23:30:00,WTG-08,4057,800.0,1.4757871897282506,29.1472027796352
2026-03-04 23:45:00,WTG-08,3084,1070.8745193745808,2.151479509063252,30.44175994731173
2026-03-05 00:00:00,WTG-08,1332,1020.8856544581259,2.0352119098339347,26.394398126448884
2026-03-05 00:15:00,WTG-08,1402,1188.7947535697335,2.529288574079481,40.292203654605615
2026-03-05 00:30:00,WTG-08,1413,1301.125885830263,2.6483319145016795,37.37990209479263
2026-03-05 00:45:00,WTG-08,1044,1800.0,3.839839551373744,51.44919593174891
2026-03-05 01:00:00,WTG-08,4473,1622.6008694810896,3.0671620567372218,49.42530653274923
2026-03-05 01:15:00,WTG-08,3253,1166.231894966592,2.1254139229884337,38.840707897091704
2026-03-05 01:30:00,WTG-08,1061,800.0,1.9689865501440418,35.90856765866273
2026-03-05 01:45:00,WTG-08,3467,1279.957269219291,2.7458167104770643,42.534898614865845
2026-03-05 02:00:00,WTG-08,1867,800.0,1.7819295873933105,29.79919983194172
2026-03-05 02:15:00,WTG-08,2491,1800.0,3.7982683310627596,51.470169005060725
2026-03-05 02:30:00,WTG-08,3867,1612.6569733561207,3.2420015406703135,43.25036867083624
2026-03-05 02:45:00,WTG-08,1018,945.3872585027077,2.1807035609451213,28.673274503176845
2026-03-05 03:00:00,WTG-08,1364,800.0,1.6245760443850914,24.53584957629798
2026-03-05 03:15:00,WTG-08,4371,1590.6290435122928,3.3820495614408856,42.326307598545796
2026-03-05 03:30:00,WTG-08,4078,1207.527369918836,2.3736012739578833,35.34934844804501
2026-03-05 03:45:00,WTG-08,4832,1651.03058200553,3.28819229660381,51.527505468761554
2026-03-05 04:00:00,WTG-08,3475,800.0,1.6704985006519733,25.8019669750904
2026-03-05 04:15:00,WTG-08,2140,1074.715771892255,2.11406736935663,34.76291242368901
2026-03-05 04:30:00,WTG-08,1579,1166.6899738208317,2.4427159645591163,36.45552286531217
2026-03-05 04:45:00,WTG-08,4578,1206.4786692447885,2.4672883605547877,33.65931678099337
2026-03-05 05:00:00,WTG-08,1545,1262.6792090249337,2.19066799999016,35.31087313750379
2026-03-05 05:15:00,WTG-08,2729,1550.9733072387419,2.833854404119414,40.534442227192876
2026-03-05 05:30:00,WTG-08,3372,815.8291715376694,1.8915745904608583,33.39875034205556
2026-03-05 05:45:00,WTG-08,1054,1261.889318453686,2.357832153331537,37.92393137670704
2026-03-05 06:00:00,WTG-08,1777,1336.6786042510869,2.5110778976038555,38.97609284855835
2026-03-05 06:15:00,WTG-08,4039,1265.5508936187023,2.760754444987928,33.32256640129877
2026-03-05 06:30:00,WTG-08,1041,1529.477847007984,2.895200165264996,60.56262492187841
2026-03-05 06:45:00,WTG-08,2320,1086.901255453544,1.8662161272245776,27.24039750249184
2026-03-05 07:00:00,WTG-08,1230,800.0,1.6943584941622511,21.855760371969634
2026-03-05 07:15:00,WTG-08,1452,1568.3106509800803,3.320121866163013,49.1285037108327
2026-03-05 07:30:00,WTG-08,4961,1422.9279937074657,2.642323694046231,45.688904639945356
2026-03-05 07:45:00,WTG-08,3441,1047.334229666702,2.0403693971682744,36.209687166079476
2026-03-05 08:00:00,WTG-08,2545,1800.0,3.5479780745107377,63.03804253884631
2026-03-05 08:15:00,WTG-08,2381,1288.2059764963292,2.508294109712559,41.17696757219344
2026-03-05 08:30:00,WTG-08,2467,1660.0142250312435,3.2418892658768583,44.52027275110397
2026-03-05 08:45:00,WTG-08,2151,1107.0899840685508,2.4794743937993187,31.927973896447618
2026-03-05 09:00:00,WTG-08,3738,1800.0,4.016455287123087,55.53916186256942
2026-03-05 09:15:00,WTG-08,4476,1800.0,3.7285575879260016,64.34113020752912
2026-03-05 09:30:00,WTG-08,3439,1126.2929565657885,2.2984640619451824,26.79976130485217
2026-03-05 09:45:00,WTG-08,2216,1537.0974668619742,3.082890323686721,52.12580653198536
2026-03-05 10:00:00,WTG-08,3651,1271.5360242344607,2.8492935489800657,39.0456525747659
2026-03-05 10:15:00,WTG-08,1880,1748.51648742903,3.394182023654493,56.644647299018295
2026-03-05 10:30:00,WTG-08,4814,1026.2894789227705,1.9381674695027122,30.278710784503453
2026-03-05 10:45:00,WTG-08,4149,1432.4776025251374,2.877393408450137,38.76216492512249
2026-03-05 11:00:00,WTG-08,1084,1686.6189644942735,3.148367257014447,54.35293283183486
2026-03-05 11:15:00,WTG-08,2053,800.0,1.607292701007672,27.272155135528106
2026-03-05 11:30:00,WTG-08,4796,976.7218567990042,1.8405225284192883,34.16194053266873
2026-03-05 11:45:00,WTG-08,1048,800.0,1.5052173039507397,23.933476823106822
2026-03-05 12:00:00,WTG-08,4848,1141.273333058466,2.2872570962917798,31.239089875154733
2026-03-05 12:15:00,WTG-08,2168,1432.237217962832,2.8993452875062307,35.173181563765745
2026-03-05 12:30:00,WTG-08,1068,1775.6171037655631,3.5061726231229375,57.36537945366393
2026-03-05 12:45:00,WTG-08,4129,1204.7421297042888,2.4833896451752495,38.26171130334859
2026-03-05 13:00:00,WTG-08,3744,1794.5537416122922,3.6154020023589184,49.00769908404897
2026-03-05 13:15:00,WTG-08,4645,961.0764632919578,1.7569434922956142,26.13942553227561
2026-03-05 13:30:00,WTG-08,3526,800.0,1.6282975296724835,21.666205940242797
2026-03-05 13:45:00,WTG-08,3867,1043.0327439804664,2.407380908108669,23.8760601595019
2026-03-05 14:00:00,WTG-08,4516,1512.6731995415212,2.675429618241958,41.29178400321996
2026-03-05 14:15:00,WTG-08,4367,1348.446034483627,2.4206012532291568,34.78422925047704
2026-03-05 14:30:00,WTG-08,2701,800.0,1.4953419001960708,21.937604940560316
2026-03-05 14:45:00,WTG-08,4242,1263.018734124802,2.388095907200565,34.197074532096245
2026-03-05 15:00:00,WTG-08,2598,843.9880362493587,1.788571026608986,17.184616483147018
2026-03-05 15:15:00,WTG-08,3194,1459.3707168915282,2.866043990716845,53.894072659593256
2026-03-05 15:30:00,WTG-08,4555,1361.526287910538,2.6642077500183774,47.108492292462294
2026-03-05 15:45:00,WTG-08,4377,951.4153144168122,1.949712188896889,24.64736232490444
2026-03-05 16:00:00,WTG-08,4744,1000.4162479205314,2.157585628958342,31.37459442088399
2026-03-05 16:15:00,WTG-08,4724,878.6178700776742,1.8953439506186003,28.4458615514367
2026-03-05 16:30:00,WTG-08,2869,1110.0162383922254,2.4032708598806996,39.25591642563414
2026-03-05 16:45:00,WTG-08,2015,1452.1499028679268,3.0706642473819423,39.47147195273741
2026-03-05 17:00:00,WTG-08,3656,957.5984837775716,1.9286326255650141,34.18848843323927
2026-03-05 17:15:00,WTG-08,1445,1305.349283762954,2.7538505653480585,36.42095199185394
2026-03-05 17:30:00,WTG-08,3268,1142.7909876030749,2.149171562063626,27.60441760724918
2026-03-05 17:45:00,WTG-08,4626,1158.2030988998924,2.0189569667325995,38.36677576356926
2026-03-05 18:00:00,WTG-08,4875,1130.9315143537988,2.377873676981606,40.3817375512261
2026-03-05 18:15:00,WTG-08,2401,977.0081454444058,1.9061353907817362,42.2497892309856
2026-03-05 18:30:00,WTG-08,4691,1118.5800799828926,2.137223137905198,27.55877607403571
2026-03-05 18:45:00,WTG-08,4337,964.2866266413259,1.834172799098797,32.42319722464372
2026-03-05 19:00:00,WTG-08,3142,1800.0,3.923557543064013,51.95099378103234
2026-03-05 19:15:00,WTG-08,1261,1304.4502932454395,2.4603641028189345,43.05030234998334
2026-03-05 19:30:00,WTG-08,2848,1080.3087744845323,2.064167758432933,25.05681547837971
2026-03-05 19:45:00,WTG-08,1896,1160.3409620279788,2.5682144085214174,28.49637998234654
2026-03-05 20:00:00,WTG-08,2094,1274.345009890587,2.3748588069033194,34.35097618088519
2026-03-05 20:15:00,WTG-08,3266,1245.6812245353437,2.313904281617339,37.765256964400734
2026-03-05 20:30:00,WTG-08,2556,1337.6344734621407,2.827926167759998,36.92362787117244
2026-03-05 20:45:00,WTG-08,1091,1467.5211616103416,2.927454756131163,47.320906567877344
2026-03-05 21:00:00,WTG-08,1126,1142.8563030631224,2.149046807564031,39.420162183183244
2026-03-05 21:15:00,WTG-08,1079,1042.050418660048,2.125963601235968,34.25940026602822
2026-03-05 21:30:00,WTG-08,2847,1249.3840956555534,2.2841725817579044,45.575461067970934
2026-03-05 21:45:00,WTG-08,4309,944.3365037695587,1.4158985086152451,30.409228260363474
2026-03-05 22:00:00,WTG-08,1982,800.0,1.7019189181102843,17.915516448299165
2026-03-05 22:15:00,WTG-08,4443,1558.263106259194,3.3927351331491433,53.56477575546752
2026-03-05 22:30:00,WTG-08,1915,1800.0,3.629802528251898,50.97421882197001
2026-03-05 22:45:00,WTG-08,3533,1221.3685254190132,2.2984245498127973,41.19314826099824
2026-03-05 23:00:00,WTG-08,1693,1378.1119758695988,2.8023972265081514,49.2120303588635
2026-03-05 23:15:00,WTG-08,1024,1459.8116143785062,2.6289710960928057,46.077788485007176
2026-03-05 23:30:00,WTG-08,1155,1800.0,5.151676670351395,46.51920593417675
2026-03-05 23:45:00,WTG-08,4588,1666.9556300830286,3.195327535559735,45.4176080699419
2026-03-06 00:00:00,WTG-08,3679,1122.418947915961,2.366010059983701,40.286290771904504
2026-03-06 00:15:00,WTG-08,2812,1143.1800012716765,1.9424844213018937,33.44978660993621
2026-03-06 00:30:00,WTG-08,2553,1032.144915489952,1.6657867603462801,31.362215139409386
2026-03-06 00:45:00,WTG-08,2966,1204.201254179194,2.5617338259150575,39.920159706193864
2026-03-06 01:00:00,WTG-08,2733,963.3234250786659,2.0365582773390476,32.38131706276159
2026-03-06 01:15:00,WTG-08,2080,955.7458875679824,1.7395741977400043,30.066375688966776
2026-03-06 01:30:00,WTG-08,2628,1006.5079890745881,2.090442108107079,29.15189781613531
2026-03-06 01:45:00,WTG-08,1018,938.1325612035155,1.8853473659934787,26.580634607443677
2026-03-06 02:00:00,WTG-08,2407,1800.0,3.6672158185587795,58.28949412645672
2026-03-06 02:15:00,WTG-08,4936,1316.3201210924042,3.01657487342434,42.25745128811109
2026-03-06 02:30:00,WTG-08,2216,1216.1103278375795,2.4349882048940064,35.19680983203843
2026-03-06 02:45:00,WTG-08,3284,1674.5974380610878,3.4871404309350105,55.648484706798335
2026-03-06 03:00:00,WTG-08,2410,1193.3582008868664,2.4853409662536867,35.15557545095707
2026-03-06 03:15:00,WTG-08,4497,1137.5714051538887,1.9864164096140144,29.86883128294469
2026-03-06 03:30:00,WTG-08,1276,1636.3006237612954,3.523902626378442,45.294165218322135
2026-03-06 03:45:00,WTG-08,4298,1469.8616733410504,2.7770823093325054,39.20214601868268
2026-03-06 04:00:00,WTG-08,1744,924.7191166896326,1.905230819445627,26.379523417670544
2026-03-06 04:15:00,WTG-08,1551,1137.4854042820627,2.330922842263292,40.29318352014285
2026-03-06 04:30:00,WTG-08,4394,1068.8714444426028,1.9796685096748634,28.04066742812554
2026-03-06 04:45:00,WTG-08,2176,911.9182033730594,1.755826147832341,28.299924906282296
2026-03-06 05:00:00,WTG-08,1638,1581.6766942569996,3.049230789070093,44.16685409957292
2026-03-06 05:15:00,WTG-08,1236,1800.0,3.871052575050086,52.69845479364281
2026-03-06 05:30:00,WTG-08,1997,841.525058835305,1.7493117943072745,17.69554570513289
2026-03-06 05:45:00,WTG-08,3102,1335.3927975658455,2.7932329420332414,38.95909278119268
2026-03-06 06:00:00,WTG-08,3003,935.6939573038185,2.0884180199191964,27.102291820089743
2026-03-06 06:15:00,WTG-08,2459,1003.1526778110999,2.171387461617991,32.79602005451147
2026-03-06 06:30:00,WTG-08,3731,1353.7022121964114,2.117585539331078,41.7274709321692
2026-03-06 06:45:00,WTG-08,3156,1117.0381643843314,1.9851404126213057,27.519184306769716
2026-03-06 07:00:00,WTG-08,4937,1098.9928405432784,2.468200554328161,38.39077643651606
2026-03-06 07:15:00,WTG-08,2207,868.1424391222491,2.0007764695932124,27.09578837477745
2026-03-06 07:30:00,WTG-08,2391,1349.842044609056,2.6033108768744135,41.48722892415911
2026-03-06 07:45:00,WTG-08,3006,1259.949356299046,2.4104457531224983,37.75256892204569
2026-03-06 08:00:00,WTG-08,2221,1206.8763684832247,2.3039759699029765,33.61750381838564
2026-03-06 08:15:00,WTG-08,2394,956.8627206866142,1.964716600083968,29.794893319342055
2026-03-06 08:30:00,WTG-08,1372,1050.1950376840578,2.1254809273686956,33.88379331016464
2026-03-06 08:45:00,WTG-08,4020,1495.7674954242902,2.925959086016709,36.13854640600093
2026-03-06 09:00:00,WTG-08,2520,1384.4768931904616,2.751775185122257,38.84050260898337
2026-03-06 09:15:00,WTG-08,4670,800.0,1.9323717918299093,22.725265147982054
2026-03-06 09:30:00,WTG-08,3248,1226.2574861341486,2.498474898383336,38.06857761249585
2026-03-06 09:45:00,WTG-08,1848,1376.4251785719546,2.923131643995972,47.25931038679426
2026-03-06 10:00:00,WTG-08,3556,838.1884536194214,1.6413346234571402,21.286949535598726
2026-03-06 10:15:00,WTG-08,2345,1688.5570604094046,2.780062320298127,48.166902578192925
2026-03-06 10:30:00,WTG-08,3322,1077.9836802647603,2.08247102743466,29.77683985471006
2026-03-06 10:45:00,WTG-08,3258,1367.8344331287044,2.7983748034918885,37.02739504333842
2026-03-06 11:00:00,WTG-08,1503,1108.7884145427893,2.033216528690128,31.527719960722365
2026-03-06 11:15:00,WTG-08,4974,843.2712881081083,1.5900049987743738,29.152149743183102
2026-03-06 11:30:00,WTG-08,4189,870.7846956336483,1.6575504931769283,20.85436339218772
2026-03-06 11:45:00,WTG-08,1702,1294.6560749343487,2.4679420312255633,40.97875422379497
2026-03-06 12:00:00,WTG-08,4625,1503.9553790851867,2.596602045204465,36.609150222463924
2026-03-06 12:15:00,WTG-08,3089,870.0266142424385,1.9662309155500601,23.294108445062125
2026-03-06 12:30:00,WTG-08,1314,1469.6807318457682,2.8446350483292453,42.442975454283115
2026-03-06 12:45:00,WTG-08,3835,800.0,1.644376060479469,32.37429836457032
2026-03-06 13:00:00,WTG-08,3376,1256.208018609333,2.401313507950216,36.31222903451655
2026-03-06 13:15:00,WTG-08,2040,822.3744086750614,1.8284861196473416,13.665014892997249
2026-03-06 13:30:00,WTG-08,1282,1002.1757161261675,2.087824794973352,20.07082694947877
2026-03-06 13:45:00,WTG-08,3990,1204.2589090843073,2.467535801016196,36.29791520426262
2026-03-06 14:00:00,WTG-08,1257,1090.9952440213297,1.9868271441737178,35.79871159958943
2026-03-06 14:15:00,WTG-08,1574,1204.4403421709617,2.2251897955534403,38.01048955326512
2026-03-06 14:30:00,WTG-08,1573,1429.8762145601759,3.1088959044096285,43.73413696581023
2026-03-06 14:45:00,WTG-08,3659,1068.203356574916,2.1254198909498623,37.85739868477581
2026-03-06 15:00:00,WTG-08,2042,1420.6740754664688,2.983264121882772,39.92226616030841
2026-03-06 15:15:00,WTG-08,2552,806.1400969410639,1.8639811760171947,28.658755688366043
2026-03-06 15:30:00,WTG-08,3884,1363.7957713337037,2.7709949527522815,32.75379871487902
2026-03-06 15:45:00,WTG-08,1422,1696.5517195380014,3.4547999967671665,46.37181242144971
2026-03-06 16:00:00,WTG-08,2489,923.2875565269951,1.361231815784886,18.663419721150774
2026-03-06 16:15:00,WTG-08,2396,1051.8100937429574,2.0170282224137757,30.18007630893976
2026-03-06 16:30:00,WTG-08,1757,1263.6108966481347,2.8027452934471166,37.67702081311233
2026-03-06 16:45:00,WTG-08,3810,1105.4461823449612,2.323847165524111,33.733892931481435
2026-03-06 17:00:00,WTG-08,2104,1435.700666100143,2.6671246731144067,43.380436747439965
2026-03-06 17:15:00,WTG-08,2574,1264.717983005267,2.1117474114365486,33.30377283609937
2026-03-06 17:30:00,WTG-08,4619,1086.8248704007367,2.490846403249065,31.65354188995602
2026-03-06 17:45:00,WTG-08,3471,987.1768585258644,2.350338594079538,22.128072412747187
2026-03-06 18:00:00,WTG-08,1428,1800.0,3.232857462535369,60.81614487566125
2026-03-06 18:15:00,WTG-08,4459,1335.6090199082896,2.5932952043423985,38.55014023275868
2026-03-06 18:30:00,WTG-08,3021,1236.0143679490052,2.6456872822732835,34.636000443251696
2026-03-06 18:45:00,WTG-08,4992,1158.8246361961808,2.2107234551678743,42.70944072810584
2026-03-06 19:00:00,WTG-08,4780,821.994463567058,2.1711384749374916,18.448601239265592
2026-03-06 19:15:00,WTG-08,4741,1100.2568174951136,2.1998385336707953,27.379768954693564
2026-03-06 19:30:00,WTG-08,1203,1373.8450462506041,2.6821258579325913,35.73424976317529
2026-03-06 19:45:00,WTG-08,3243,1195.3885444420657,2.2059230609765654,35.52229942476456
2026-03-06 20:00:00,WTG-08,3775,1206.325343308412,2.6154298770753313,38.34791844744034
2026-03-06 20:15:00,WTG-08,3332,1800.0,4.030828428258556,57.69837734058917
2026-03-06 20:30:00,WTG-08,2992,1411.9165157561208,3.008917956724159,55.21747206015847
2026-03-06 20:45:00,WTG-08,3243,1153.7965485741267,2.25651634601339,23.366734186219983
2026-03-06 21:00:00,WTG-08,1306,1540.0411203800618,3.2591515052327287,49.24491155702394
2026-03-06 21:15:00,WTG-08,2687,1065.5551344159574,2.212730436663959,29.181001169617563
2026-03-06 21:30:00,WTG-08,1013,800.0,1.5056064774621885,21.067924255556132
2026-03-06 21:45:00,WTG-08,2860,1024.3331073782952,1.918438966391859,27.631132580079466
2026-03-06 22:00:00,WTG-08,4217,868.6724491372685,1.5656546749432039,21.516325120078186
2026-03-06 22:15:00,WTG-08,2961,1097.9467756247723,2.2428176652410277,41.36102744176043
2026-03-06 22:30:00,WTG-08,2080,1229.0462088462257,2.4504448187004457,41.08287290045628
2026-03-06 22:45:00,WTG-08,1722,1683.9820699935672,3.6576824229138434,50.63544199259389
2026-03-06 23:00:00,WTG-08,1779,1289.4835120803134,2.638902353761984,45.4395841248444
2026-03-06 23:15:00,WTG-08,2233,1152.4490429286918,2.3149390092657325,27.010826461366378
2026-03-06 23:30:00,WTG-08,1528,1751.4474334310398,2.9787362486560847,45.88989734627656
2026-03-06 23:45:00,WTG-08,1797,800.0,1.446106259487401,13.110161339026561
2026-03-07 00:00:00,WTG-08,1343,1437.2178803240083,2.581600312897529,39.61946370910381
2026-03-07 00:15:00,WTG-08,4786,1568.1421068638765,2.936912459034591,47.85275583944006
2026-03-07 00:30:00,WTG-08,4682,886.3864835217043,1.7166456861453814,27.105887395312802
2026-03-07 00:45:00,WTG-08,2302,1782.9094401568643,3.2140947834747022,54.23399276000533
2026-03-07 01:00:00,WTG-08,1208,1360.3386197157029,2.646256144910033,33.754874436140675
2026-03-07 01:15:00,WTG-08,1640,1143.3780848152487,2.2089243304969117,38.31711625752757
2026-03-07 01:30:00,WTG-08,4406,1415.013411548029,2.840650953699567,43.64853993763586
2026-03-07 01:45:00,WTG-08,2311,1800.0,4.22750543855836,57.665271407329996
2026-03-07 02:00:00,WTG-08,3299,1383.8858704176566,2.5484778940731365,32.05276522457944
2026-03-07 02:15:00,WTG-08,4336,1232.1489864268935,2.5894334303530293,38.521923886795754
2026-03-07 02:30:00,WTG-08,3318,960.9828941654655,2.1858152272506843,22.89066062537633
2026-03-07 02:45:00,WTG-08,2947,975.6115379857614,1.991819203450654,27.281729876816033
2026-03-07 03:00:00,WTG-08,1919,1409.6990445960093,2.9794058020715477,44.962795831062195
2026-03-07 03:15:00,WTG-08,2723,988.0828040079624,1.988870522938996,30.097952151518438
2026-03-07 03:30:00,WTG-08,3044,1364.6855611437757,2.4818834953507234,36.68286693541667
2026-03-07 03:45:00,WTG-08,1418,1042.4179396356444,2.1762962102886467,31.30390396999142
2026-03-07 04:00:00,WTG-08,2749,1364.353539062525,2.737271754387365,33.27292959565753
2026-03-07 04:15:00,WTG-08,3842,1327.3926038989837,2.643180660836288,45.573115096460995
2026-03-07 04:30:00,WTG-08,4282,1651.0894859611294,3.132492795481202,48.50626448135262
2026-03-07 04:45:00,WTG-08,2388,855.0947043386676,2.1595672754742563,31.245590851436656
2026-03-07 05:00:00,WTG-08,2099,1082.8305440447166,2.2870011470424925,29.852257885861277
2026-03-07 05:15:00,WTG-08,4731,987.0375109334509,1.9318182834110074,26.99324538597061
2026-03-07 05:30:00,WTG-08,4392,1216.85145677277,2.1936871222601675,32.68460976999387
2026-03-07 05:45:00,WTG-08,3772,1286.34857147893,2.6710776324591006,42.971326802833275
2026-03-07 06:00:00,WTG-08,3480,1275.8886552267286,2.927087851661832,34.729503870159476
2026-03-07 06:15:00,WTG-08,3156,1040.9321539507728,1.9579220187083182,34.45094178059907
2026-03-07 06:30:00,WTG-08,3688,1440.3705922989582,3.0078136623630423,41.29885578062229
2026-03-07 06:45:00,WTG-08,2545,1572.7825756885804,3.383498483195233,37.30366077119932
2026-03-07 07:00:00,WTG-08,2070,1284.769936110411,2.6944089501634667,35.69152774438
2026-03-07 07:15:00,WTG-08,3426,1800.0,3.840423922030475,48.10445892818576
2026-03-07 07:30:00,WTG-08,2850,953.5925377651492,2.028134008437941,28.777289751366165
2026-03-07 07:45:00,WTG-08,2119,800.0,1.8140111478863528,18.047961321627547
2026-03-07 08:00:00,WTG-08,1957,889.597749840565,1.5997822603037037,31.31780799879003
2026-03-07 08:15:00,WTG-08,1102,1800.0,3.5008012916575915,53.544620698234866
2026-03-07 08:30:00,WTG-08,3939,1492.8918656996298,2.8554793331313584,43.898775997195195
2026-03-07 08:45:00,WTG-08,3901,1089.9112234962768,2.407359581077517,35.97679739382622
2026-03-07 09:00:00,WTG-08,2169,1284.4862009027179,2.609270708594939,43.35412069746085
2026-03-07 09:15:00,WTG-08,2903,932.2689635851175,1.8658421902161264,27.867575148705264
2026-03-07 09:30:00,WTG-08,4999,1800.0,4.41215593033417,50.143998502253545
2026-03-07 09:45:00,WTG-08,4098,1325.0660257715224,2.5164639537994287,30.88213269258502
2026-03-07 10:00:00,WTG-08,2755,1178.8406955611033,2.5045161508779055,31.9349720816572
2026-03-07 10:15:00,WTG-08,3577,1460.7530157527376,2.9051069202227633,40.73652923934232
2026-03-07 10:30:00,WTG-08,1678,1415.03309928306,2.7386101176430717,42.98628024345328
2026-03-07 10:45:00,WTG-08,2968,1432.7489070497147,2.574333349670076,41.256732805801306
2026-03-07 11:00:00,WTG-08,1988,1080.5046075935797,2.020107907222215,35.85480308806453
2026-03-07 11:15:00,WTG-08,2105,1445.067646485461,2.732323955495818,40.28711303821038
2026-03-07 11:30:00,WTG-08,3475,1800.0,3.845316492647918,53.71479416573529
2026-03-07 11:45:00,WTG-08,2607,1800.0,3.3751216437878186,59.91993721598445
2026-03-07 12:00:00,WTG-08,3869,1800.0,3.584402765559793,55.70912606977483
2026-03-07 12:15:00,WTG-08,2502,993.3661438933005,2.158949869821315,29.500796608356193
2026-03-07 12:30:00,WTG-08,2789,1103.76713295656,1.9268602718880823,30.103291779020914
2026-03-07 12:45:00,WTG-08,2185,1253.3990333589234,2.3672174122100413,34.43581401719281
2026-03-07 13:00:00,WTG-08,4910,1191.9301489441839,2.472469102114064,31.504838203565775
2026-03-07 13:15:00,WTG-08,1931,1539.9243278769418,3.175747249233732,43.49269550739376
2026-03-07 13:30:00,WTG-08,2425,845.8948760495912,1.63247464307103,29.155175475209305
2026-03-07 13:45:00,WTG-08,4579,1800.0,3.5294077542338154,52.890558643538654
2026-03-07 14:00:00,WTG-08,2061,1194.243116898054,2.349027780669867,29.078428160035465
2026-03-07 14:15:00,WTG-08,2978,1132.5413209933147,2.2028209072980527,42.817086095098354
2026-03-07 14:30:00,WTG-08,3558,1128.30235362884,1.9166132323424037,35.44889656459101
2026-03-07 14:45:00,WTG-08,3440,930.6297650654694,1.6469508996839617,20.884175949398234
2026-03-07 15:00:00,WTG-08,3042,1506.1898170982774,2.97425251594355,42.976449876744205
2026-03-07 15:15:00,WTG-08,3760,1335.594472058773,2.4829268279640493,40.62226607590527
2026-03-07 15:30:00,WTG-08,3541,800.0,1.794706848377116,32.522960466486886
2026-03-07 15:45:00,WTG-08,4271,936.062660803379,1.7925399116173961,22.54131753280702
2026-03-07 16:00:00,WTG-08,2278,1306.5607513397706,2.251260232732919,44.07702613697285
2026-03-07 16:15:00,WTG-08,2202,1800.0,3.651092779472358,60.99743213486172
2026-03-07 16:30:00,WTG-08,3594,1061.552073738835,2.2926309332014867,28.703290686792197
2026-03-07 16:45:00,WTG-08,1593,800.0,1.7067512154284494,22.612431905698834
2026-03-07 17:00:00,WTG-08,3436,1041.154263523736,2.30023513451595,26.05308166884323
2026-03-07 17:15:00,WTG-08,2421,1064.2459140855628,2.2854442097966663,30.91007171716536
2026-03-07 17:30:00,WTG-08,4803,800.0,1.292173771245831,23.817050128285345
2026-03-07 17:45:00,WTG-08,3205,1063.4951539194876,2.4081037116747037,35.20310460799648
2026-03-07 18:00:00,WTG-08,2027,1155.759731022332,2.3083957952547434,40.12370928577219
2026-03-07 18:15:00,WTG-08,3214,1532.4544212711887,2.884453407785048,42.233152315027425
2026-03-07 18:30:00,WTG-08,4539,1800.0,3.814481220005777,44.16337467887003
2026-03-07 18:45:00,WTG-08,1959,1752.2991128290992,3.2007414409298445,52.46274948849177
2026-03-07 19:00:00,WTG-08,3456,1194.849430411816,2.287540443118113,37.313170562197676
2026-03-07 19:15:00,WTG-08,4483,1040.1748299764906,1.8742335428281698,32.45233333771993
2026-03-07 19:30:00,WTG-08,4275,1800.0,4.55193997586573,52.36663376245478
2026-03-07 19:45:00,WTG-08,3241,1322.7235603653671,2.474542075317411,40.30546730928069
2026-03-07 20:00:00,WTG-08,3282,1114.7108401354662,2.447808460349995,41.01854924582523
2026-03-07 20:15:00,WTG-08,3765,1301.8138872102447,2.425578274253188,40.96308746111989
2026-03-07 20:30:00,WTG-08,2173,1296.3967894600162,2.5584257109613264,37.02506155878506
2026-03-07 20:45:00,WTG-08,4230,1233.6822620204746,2.356714280043992,34.509478775134255
2026-03-07 21:00:00,WTG-08,4350,945.9685436504167,2.1270560084258037,27.529794521123847
2026-03-07 21:15:00,WTG-08,1815,980.8352391401665,2.140684446735654,37.60875698335819
2026-03-07 21:30:00,WTG-08,1403,1270.0064727504196,2.420567301850162,37.1836906348816
2026-03-07 21:45:00,WTG-08,1892,976.3838062882649,2.14243721342137,29.192542466044404
2026-03-07 22:00:00,WTG-08,3725,1075.1884831370176,2.0577357078542104,29.84408663942901
2026-03-07 22:15:00,WTG-08,4382,1114.6535812783445,2.502734723848738,38.93452422556016
2026-03-07 22:30:00,WTG-08,1067,1232.398254149888,2.2951616657664426,46.771133898220015
2026-03-07 22:45:00,WTG-08,4534,1630.5306577992221,3.507565978552146,51.168984981133605
2026-03-07 23:00:00,WTG-08,1087,800.0,1.3059378318160957,24.413864518927127
2026-03-07 23:15:00,WTG-08,3264,1649.4048948138898,3.1736836028985795,49.66606101028786
2026-03-07 23:30:00,WTG-08,3048,1577.717722560302,3.294789808806519,35.40999773288033
2026-03-07 23:45:00,WTG-08,2158,804.8369180026493,1.4932685225883533,27.870861861503567
2026-03-08 00:00:00,WTG-08,2720,1149.8197030762503,2.24755095348579,35.16542317226673
2026-03-08 00:15:00,WTG-08,2374,1062.2003272231384,2.232169025684825,34.007720069997774
2026-03-08 00:30:00,WTG-08,3187,800.0,1.7456280033541158,20.442689029581476
2026-03-08 00:45:00,WTG-08,3665,816.8342313790733,2.0261936010926624,22.58274254648674
2026-03-08 01:00:00,WTG-08,3180,971.1840389952845,1.8724380685306303,27.08039648734267
2026-03-08 01:15:00,WTG-08,2643,1706.4064112275494,3.72577337672751,56.300307257191676
2026-03-08 01:30:00,WTG-08,1177,1537.6565006926483,3.056244161497035,44.23589583776398
2026-03-08 01:45:00,WTG-08,3857,1631.2539077383012,3.3151974586930524,59.35091884269802
2026-03-08 02:00:00,WTG-08,2381,1519.0327624562576,2.9022369698248762,47.72529496876291
2026-03-08 02:15:00,WTG-08,3427,901.9304942453409,1.8642700883886545,20.679501527381568
2026-03-08 02:30:00,WTG-08,1907,1043.1116591981831,2.1521128756657846,30.650618309685708
2026-03-08 02:45:00,WTG-08,4942,1445.2541217449677,2.7441341026322763,40.09924804156695
2026-03-08 03:00:00,WTG-08,3705,945.35141144808,1.8236912170793365,17.388629994342274
2026-03-08 03:15:00,WTG-08,3497,1479.699175090376,2.8961671587441966,52.38832995328023
2026-03-08 03:30:00,WTG-08,1585,1198.5353531117594,2.3032171882618138,39.4717733044528
2026-03-08 03:45:00,WTG-08,3510,961.6268551706543,2.23036813498273,31.51484224461619
2026-03-08 04:00:00,WTG-08,1989,1523.050143835199,2.8947425516730014,46.518522616554485
2026-03-08 04:15:00,WTG-08,2131,1418.487667537802,2.714481576272884,35.64454218267188
2026-03-08 04:30:00,WTG-08,3169,1017.2115874017237,2.237759800518747,28.098261924274528
2026-03-08 04:45:00,WTG-08,3064,1588.7142134637656,3.2262445216623714,51.870330277833034
2026-03-08 05:00:00,WTG-08,2219,938.8511251680565,1.8855637078616392,22.90943360612918
2026-03-08 05:15:00,WTG-08,3374,1401.1167197587422,2.829132796397831,29.374655011508196
2026-03-08 05:30:00,WTG-08,1317,1440.1848404963835,2.81359768767906,42.07001517598687
2026-03-08 05:45:00,WTG-08,3856,1275.8456519376432,2.2654179475090497,37.5665817879916
2026-03-08 06:00:00,WTG-08,2502,1427.3757770597545,2.638398208584943,43.499090393866176
2026-03-08 06:15:00,WTG-08,3034,800.0,1.8112457360548575,27.64259321757268
2026-03-08 06:30:00,WTG-08,4323,1586.0298061014553,3.0476456141417008,50.7689232441997
2026-03-08 06:45:00,WTG-08,3042,1299.8718469357573,2.333957029964433,40.29000443429233
2026-03-08 07:00:00,WTG-08,1502,1115.1984123836505,2.1530351206294602,39.43360931194306
2026-03-08 07:15:00,WTG-08,3022,1679.6982433702206,3.1412004017032475,42.79609839704004
2026-03-08 07:30:00,WTG-08,1118,1232.1777174232018,2.0619013457062505,39.488240595083006
2026-03-08 07:45:00,WTG-08,4745,974.9896430898579,1.7452373769583194,32.38238110938045
2026-03-08 08:00:00,WTG-08,1709,867.6355881908148,1.6854094572532838,19.831256215323243
2026-03-08 08:15:00,WTG-08,4569,1515.6933892079255,2.8223690835989004,37.95644863282582
2026-03-08 08:30:00,WTG-08,4557,913.8637624088748,1.7987499581983715,23.68620223988824
2026-03-08 08:45:00,WTG-08,1044,1800.0,3.728061724571399,50.69229278742354
2026-03-08 09:00:00,WTG-08,1313,800.0,1.490297354033204,27.767097317512153
2026-03-08 09:15:00,WTG-08,4250,1800.0,3.6755324140788597,50.92730608154453
2026-03-08 09:30:00,WTG-08,4965,1201.3506828134923,2.566387098815385,31.758777892998747
2026-03-08 09:45:00,WTG-08,1417,1345.115076285018,2.383756607634413,37.29528360507774
2026-03-08 10:00:00,WTG-08,3603,1120.823584594151,2.1416743444402275,39.21786920859559
2026-03-08 10:15:00,WTG-08,4854,1202.6450226442437,2.6851512802488755,36.14456755121207
2026-03-08 10:30:00,WTG-08,2101,1245.6334823666214,2.4177371061349584,36.47274934421408
2026-03-08 10:45:00,WTG-08,1325,1381.3776126319522,3.182760526794229,40.89130088545331
2026-03-08 11:00:00,WTG-08,4761,1316.262339446062,2.507423075525917,45.94817185501447
2026-03-08 11:15:00,WTG-08,4428,1353.139491245605,2.529232685893412,36.84832610435194
2026-03-08 11:30:00,WTG-08,2439,1058.937462060612,2.2363461152516346,38.345665316518875
2026-03-08 11:45:00,WTG-08,2986,1215.642100964534,2.406574662737951,37.52174452354354
2026-03-08 12:00:00,WTG-08,3562,1508.8116527206294,2.6267918186912014,44.46225267174214
2026-03-08 12:15:00,WTG-08,3261,800.0,1.625706988788203,36.50450248967141
2026-03-08 12:30:00,WTG-08,4925,800.0,1.770217144251026,18.721802551007016
2026-03-08 12:45:00,WTG-08,1073,1606.8685232562605,2.9174043660200013,46.43762689985278
2026-03-08 13:00:00,WTG-08,4634,1467.1353845554527,2.5417533310047467,37.85190534084357
2026-03-08 13:15:00,WTG-08,2602,1167.6046816264338,2.334470228883298,39.790450301473854
2026-03-08 13:30:00,WTG-08,1508,1326.3732827158035,2.450453958349936,48.2371431497325
2026-03-08 13:45:00,WTG-08,3379,1460.1706374158493,2.652046091725522,52.15473302949867
2026-03-08 14:00:00,WTG-08,4164,997.9063270090355,2.1443095005257478,36.056933576001086
2026-03-08 14:15:00,WTG-08,1687,964.4487172640446,2.025958601601663,27.94535917894151
2026-03-08 14:30:00,WTG-08,1656,1401.6122921257786,2.55704968162061,40.222163876324124
2026-03-08 14:45:00,WTG-08,2542,1134.5000899112101,1.9319973240807182,25.67915383486598
2026-03-08 15:00:00,WTG-08,2292,1401.813073018571,2.691049974002271,52.233759866466094
2026-03-08 15:15:00,WTG-08,2399,800.0,1.6286027745856153,26.34489039074234
2026-03-08 15:30:00,WTG-08,4905,1761.7776686314671,3.126143114923046,50.3935455345966
2026-03-08 15:45:00,WTG-08,4075,1313.4364683487863,2.733067116259966,46.04337849539842
2026-03-08 16:00:00,WTG-08,4209,1263.6353549416324,2.5942982661175553,33.04523806444897
2026-03-08 16:15:00,WTG-08,4302,1579.8309437643306,3.091194320630737,49.42803848404329
2026-03-08 16:30:00,WTG-08,3647,1800.0,3.647945172002807,53.13685432854582
2026-03-08 16:45:00,WTG-08,2552,1642.886571954184,3.1149779485979234,52.47998285802702
2026-03-08 17:00:00,WTG-08,2075,829.8155617533758,1.5766580234343697,24.576599156670667
2026-03-08 17:15:00,WTG-08,4717,945.8848501818593,1.7991119943400973,21.121906049899657
2026-03-08 17:30:00,WTG-08,4794,1054.999851991301,2.101296770253909,32.027877423089215
2026-03-08 17:45:00,WTG-08,1324,1283.292797953657,2.454957693003613,43.74310464798652
2026-03-08 18:00:00,WTG-08,1991,1128.4926616121418,2.762897338763144,33.708697819094326
2026-03-08 18:15:00,WTG-08,2993,996.0558245662651,2.05143314094649,33.75725034493338
2026-03-08 18:30:00,WTG-08,4976,1299.8719082789828,2.5514794295746093,33.76850981999922
2026-03-08 18:45:00,WTG-08,4802,903.4120369198521,2.0370268905636055,26.971057141246302
2026-03-08 19:00:00,WTG-08,1716,1092.6136047680304,2.107962545973749,29.655855867598028
2026-03-08 19:15:00,WTG-08,3770,852.5418691427309,1.745977982482686,29.311160274805474
2026-03-08 19:30:00,WTG-08,1276,1154.2605978310094,1.957426055998921,34.78527574624026
2026-03-08 19:45:00,WTG-08,3583,1041.6803145584129,1.7687566840738544,34.70077781843545
2026-03-08 20:00:00,WTG-08,4557,919.9906743097259,1.9331424624430844,33.03827236008111
2026-03-08 20:15:00,WTG-08,4587,1557.2785218862864,3.144724586085912,50.176448532195536
2026-03-08 20:30:00,WTG-08,1151,965.2630047036987,1.945315522529076,30.32348231257918
2026-03-08 20:45:00,WTG-08,1954,1800.0,4.618117913041506,49.00893870744297
2026-03-08 21:00:00,WTG-08,2506,1392.8735322259186,2.7467420676462115,41.772275413443055
2026-03-08 21:15:00,WTG-08,1258,1199.3200348798357,2.5502964835371893,33.314149036315904
2026-03-08 21:30:00,WTG-08,3371,880.8369799083275,1.9877970268041605,24.70478961372869
2026-03-08 21:45:00,WTG-08,4064,1505.9268147915682,2.8873113848030827,43.30513368999579
2026-03-08 22:00:00,WTG-08,1868,1125.9804491982443,2.126054981552126,28.879785602036108
2026-03-08 22:15:00,WTG-08,2191,1175.624112124144,2.5121113761802865,25.48203041805437
2026-03-08 22:30:00,WTG-08,1687,1800.0,4.5371892960880436,50.65928475836117
2026-03-08 22:45:00,WTG-08,1309,1128.9070183214933,2.384129582476053,34.83410780926559
2026-03-08 23:00:00,WTG-08,3850,1634.5138447890643,3.2183946419705323,42.294530116534474
2026-03-08 23:15:00,WTG-08,2502,1113.2713733347562,2.0624739441470212,33.47655238240081
2026-03-08 23:30:00,WTG-08,4127,1206.274203190805,2.4192709193223525,45.689568217278975
2026-03-08 23:45:00,WTG-08,3667,1800.0,3.74260891172859,59.115282776261196
2026-03-09 00:00:00,WTG-08,1472,998.4680967711898,2.100222122319894,38.17175044873834
2026-03-09 00:15:00,WTG-08,4367,1800.0,3.780733818486304,55.955639384663634
2026-03-09 00:30:00,WTG-08,3508,1425.665078831415,2.892502043838898,48.60750147987468
2026-03-09 00:45:00,WTG-08,4395,991.7108129414012,2.13273729519085,26.131500735903096
2026-03-09 01:00:00,WTG-08,1813,1402.5198975746425,2.8403946277724414,38.853895592129355
2026-03-09 01:15:00,WTG-08,1845,1386.9500856270047,3.0836238310267587,27.912801538122775
2026-03-09 01:30:00,WTG-08,2164,1367.4564826758683,2.8331437147801575,46.95442185048754
2026-03-09 01:45:00,WTG-08,1666,811.5274394661469,1.680029977606228,32.047443083083834
2026-03-09 02:00:00,WTG-08,3309,999.7587726523619,2.0507534958038,27.22687695283451
2026-03-09 02:15:00,WTG-08,2808,1125.4795966986308,2.2992586825714176,32.494629368972745
2026-03-09 02:30:00,WTG-08,2443,1192.0798011819118,2.3965124423358493,31.99308346700255
2026-03-09 02:45:00,WTG-08,2767,1464.1273210279278,2.832366338438643,45.83708738822529
2026-03-09 03:00:00,WTG-08,2264,1360.4165013802644,2.5459295879340242,46.43715776792414
2026-03-09 03:15:00,WTG-08,1354,822.8172778122557,1.775587600994165,15.970658464962465
2026-03-09 03:30:00,WTG-08,2872,1216.1502345433014,2.6729406401644313,38.531699689510305
2026-03-09 03:45:00,WTG-08,3024,1308.5381165440178,2.8254851155366563,37.872784637724806
2026-03-09 04:00:00,WTG-08,3817,1346.826451682665,2.7910934876043156,40.971765510313396
2026-03-09 04:15:00,WTG-08,4832,1547.5341003059605,3.165452464175223,48.72099301755027
2026-03-09 04:30:00,WTG-08,4660,1413.9946885588565,2.9819885903572043,41.47882846290159
2026-03-09 04:45:00,WTG-08,1179,1232.5131746417003,2.7242496821333795,36.4574609722221
2026-03-09 05:00:00,WTG-08,1065,1153.869900538036,2.3989639665709097,33.54672117836789
2026-03-09 05:15:00,WTG-08,1819,840.4386379279986,1.644591951833203,30.06474014678136
2026-03-09 05:30:00,WTG-08,2371,1411.9663202486386,2.7049267473301644,44.45278940809664
2026-03-09 05:45:00,WTG-08,1170,1226.4251054417016,2.564334821505067,37.89567085193785
2026-03-09 06:00:00,WTG-08,3521,1260.7067983913116,2.60401316121131,31.466445346277936
2026-03-09 06:15:00,WTG-08,3581,807.4870978350746,1.8003138574396111,22.331714218986463
2026-03-09 06:30:00,WTG-08,2390,939.6394517650099,1.8855667376049752,32.68252935464617
2026-03-09 06:45:00,WTG-08,2130,1487.333353795372,3.1443524344289067,44.80848347948077
2026-03-09 07:00:00,WTG-08,3486,1265.6250802416653,2.416624597835091,41.26640975519565
2026-03-09 07:15:00,WTG-08,1834,1258.5310461487536,2.8742353906843294,46.58849038610077
2026-03-09 07:30:00,WTG-08,1226,1192.171719124413,2.4562693727393183,40.95818191977647
2026-03-09 07:45:00,WTG-08,4515,1258.6689661269677,2.457116464415587,38.22586067230774
2026-03-09 08:00:00,WTG-08,1441,1547.468625561465,3.0581703478584292,43.869112915865315
2026-03-09 08:15:00,WTG-08,3443,1347.536204285108,2.156465675774117,27.658338148273746
2026-03-09 08:30:00,WTG-08,1727,1283.2549917630165,2.4965499786124514,37.655725140526236
2026-03-09 08:45:00,WTG-08,2604,991.7425710275114,2.184296061423425,28.122214651741096
2026-03-09 09:00:00,WTG-08,3131,1089.8642690584686,2.198821387534752,34.64775904373093
2026-03-09 09:15:00,WTG-08,4686,955.1856639298758,2.2656205945530417,27.886043783022835
2026-03-09 09:30:00,WTG-08,4622,1278.5654797616323,2.573250909382617,36.75503909566499
2026-03-09 09:45:00,WTG-08,2036,1004.5593377800876,2.175729886960327,21.239785480866523
2026-03-09 10:00:00,WTG-08,2832,1742.8006792615693,3.302523303411106,47.584181232096746
2026-03-09 10:15:00,WTG-08,2848,930.4291612856672,1.9707663774904414,30.296130042572802
2026-03-09 10:30:00,WTG-08,3740,1154.7520843262107,2.332857351811471,43.22210068544979
2026-03-09 10:45:00,WTG-08,1492,1034.482436039829,2.196076440360539,30.546846162466753
2026-03-09 11:00:00,WTG-08,4339,1800.0,3.459339815166993,55.63905536787062
2026-03-09 11:15:00,WTG-08,2548,1246.6184996971938,2.55748555261797,42.16094577567984
2026-03-09 11:30:00,WTG-08,2143,1747.3447290932127,3.1281780494905846,48.36587219179513
2026-03-09 11:45:00,WTG-08,1969,938.3299105892722,1.7138294687548912,29.98396753410538
2026-03-09 12:00:00,WTG-08,3400,1348.7966051393018,2.6011798648115265,36.76144762251826
2026-03-09 12:15:00,WTG-08,4128,1548.0769712533238,3.0224073130431437,50.76643133005477
2026-03-09 12:30:00,WTG-08,3087,1283.5168110255279,2.488274162407805,39.2625195705245
2026-03-09 12:45:00,WTG-08,4957,1384.1073606162674,3.153749237101657,43.01547988839522
2026-03-09 13:00:00,WTG-08,4407,1050.0248392501298,2.1558263573304113,27.58775219041095
2026-03-09 13:15:00,WTG-08,1639,1798.4581190315712,3.427884643826278,57.48890536900106
2026-03-09 13:30:00,WTG-08,1172,1800.0,4.256712639159486,64.42356460615508
2026-03-09 13:45:00,WTG-08,2570,977.8606914214547,2.2367593522036247,24.296262265502612
2026-03-09 14:00:00,WTG-08,1258,1091.2866870475584,2.193054264210611,31.039805573189135
2026-03-09 14:15:00,WTG-08,4959,1800.0,3.4647246068246687,55.15803737084046
2026-03-09 14:30:00,WTG-08,1516,1800.0,3.572563341708183,57.93203105997908
2026-03-09 14:45:00,WTG-08,3777,1070.282000051284,2.1529648019757746,29.310728575091172
2026-03-09 15:00:00,WTG-08,1522,1198.3164564359092,2.206343057460201,21.78434224236357
2026-03-09 15:15:00,WTG-08,2917,1103.5989049109028,2.280499213895416,39.903914618147205
2026-03-09 15:30:00,WTG-08,3886,800.0,1.77177740069099,27.802530597920715
2026-03-09 15:45:00,WTG-08,3164,887.3307167097903,1.9595546310454914,17.905183848860382
2026-03-09 16:00:00,WTG-08,3231,1116.4056439148724,1.9202335341281052,30.454325358548388
2026-03-09 16:15:00,WTG-08,2929,988.1128622892892,2.0310243409444393,37.48429801631531
2026-03-09 16:30:00,WTG-08,4945,1185.385082297104,2.419446960469212,42.800534561202454
2026-03-09 16:45:00,WTG-08,2139,1260.3821868452887,2.5807320129455533,42.50466571875339
2026-03-09 17:00:00,WTG-08,3209,1800.0,3.5474165457166054,53.11943783020069
2026-03-09 17:15:00,WTG-08,4650,1124.0302605384084,1.9228687380044038,34.1358449102148
2026-03-09 17:30:00,WTG-08,4783,1768.085292804331,3.0924145389190354,52.38792975849929
2026-03-09 17:45:00,WTG-08,3590,1142.9811469710403,2.317771336022091,39.9306333254754
2026-03-09 18:00:00,WTG-08,4658,1235.0089981769652,2.410893098604511,32.671057912833405
2026-03-09 18:15:00,WTG-08,4308,1283.1384697956341,2.8696054494754266,34.465155819448
2026-03-09 18:30:00,WTG-08,1838,1081.2255153676585,1.867064145511662,37.48813839520984
2026-03-09 18:45:00,WTG-08,2089,1220.4039460545757,2.6743638023627385,36.390311104079466
2026-03-09 19:00:00,WTG-08,2093,1291.2079623286713,2.539060811904817,45.62857564712918
2026-03-09 19:15:00,WTG-08,4880,1263.3540915843448,2.7461686886952585,34.54306171262761
2026-03-09 19:30:00,WTG-08,3494,1248.6376595239851,2.6150486843957097,37.18523798402543
2026-03-09 19:45:00,WTG-08,3463,1800.0,4.422461514370769,49.387935075780234
2026-03-09 20:00:00,WTG-08,3579,986.6336282600486,2.0948423086552608,29.635822254919294
2026-03-09 20:15:00,WTG-08,3488,1020.4841497681758,2.1487928401661476,23.221789808051277
2026-03-09 20:30:00,WTG-08,3785,996.2413785229182,2.102136516030852,27.449074250912734
2026-03-09 20:45:00,WTG-08,2969,1151.4796083867984,2.1362924344175354,27.36311892696336
2026-03-09 21:00:00,WTG-08,3511,937.0228656476324,2.095018289907769,31.58030213538526
2026-03-09 21:15:00,WTG-08,4992,1646.8205559290873,3.2495328264554013,52.98756337667088
2026-03-09 21:30:00,WTG-08,3443,1800.0,3.437179743096231,45.34868634757827
2026-03-09 21:45:00,WTG-08,3758,1012.947426316749,2.128534125536177,37.05785151700533
2026-03-09 22:00:00,WTG-08,2574,928.262472004481,2.0001087221584823,40.3349497922337
2026-03-09 22:15:00,WTG-08,4728,1343.0921417597986,2.732289208555647,40.52279618647567
2026-03-09 22:30:00,WTG-08,2580,1186.9473560544848,2.1379496704368277,32.40284938051132
2026-03-09 22:45:00,WTG-08,3442,1439.7876115493282,2.8407536969079845,57.31528130149508
2026-03-09 23:00:00,WTG-08,3373,1227.5791384541635,2.5614011358298465,30.23253166211235
2026-03-09 23:15:00,WTG-08,4964,899.2363886118342,1.7016974469860604,27.077623992700516
2026-03-09 23:30:00,WTG-08,4990,1662.1887888487754,3.5448360076648355,50.763775028622874
2026-03-09 23:45:00,WTG-08,2114,1800.0,3.765517105434267,60.72573810226207
2026-03-10 00:00:00,WTG-08,1749,1094.523067615608,2.1073246736908624,34.63438690410218
2026-03-10 00:15:00,WTG-08,2093,1080.9786441717165,2.22351898257121,29.93618984620924
2026-03-10 00:30:00,WTG-08,2189,1222.6277107090605,2.6129725811075675,31.922909469332033
2026-03-10 00:45:00,WTG-08,3689,1233.1748916315323,2.6436859677197564,35.286137647715286
2026-03-10 01:00:00,WTG-08,3261,1482.661413590677,2.858359359912172,39.44520560299459
2026-03-10 01:15:00,WTG-08,2875,1800.0,3.9672789060883953,54.23912659892341
2026-03-10 01:30:00,WTG-08,4672,1105.4713161856127,2.3384041817769843,30.34315858626595
2026-03-10 01:45:00,WTG-08,4406,1054.0168838547359,2.0163564269991747,24.15031754919332
2026-03-10 02:00:00,WTG-08,2787,800.0,1.7572675517907144,30.27572894187452
2026-03-10 02:15:00,WTG-08,3416,965.9905453179568,2.048904636767354,26.491353742393507
2026-03-10 02:30:00,WTG-08,4932,1207.0693624304793,2.4203505114351387,29.871396848037815
2026-03-10 02:45:00,WTG-08,2607,1791.185587700004,3.7643078587963745,52.894271958562406
2026-03-10 03:00:00,WTG-08,4748,984.1795793653516,2.1556604336886225,29.867245210798842
2026-03-10 03:15:00,WTG-08,1048,1220.3590050777752,2.5742739214493278,27.878436524438087
2026-03-10 03:30:00,WTG-08,2075,1244.2495730175615,2.4300606003698486,38.98572552615566
2026-03-10 03:45:00,WTG-08,2312,1605.7881591950345,3.249042122071344,42.93785693239971
2026-03-10 04:00:00,WTG-08,4861,1800.0,4.500565724760012,62.55514404595394
2026-03-10 04:15:00,WTG-08,2649,862.3592326619082,2.1488584958508294,28.490579540240915
2026-03-10 04:30:00,WTG-08,4310,1024.4082222665215,2.170189480104478,28.732746717449064
2026-03-10 04:45:00,WTG-08,3180,1614.526875977249,3.137516434743787,44.70996742773072
2026-03-10 05:00:00,WTG-08,4046,1162.5027364023877,2.8745064413498222,34.35024355425351
2026-03-10 05:15:00,WTG-08,3833,1800.0,3.8123935541465714,57.06395370791645
2026-03-10 05:30:00,WTG-08,2189,1351.0661196292106,2.807381810561905,40.404512945950316
2026-03-10 05:45:00,WTG-08,2397,1258.1611179929987,2.238654680344308,36.65903950410568
2026-03-10 06:00:00,WTG-08,3420,1367.4670889556442,2.811938540253861,41.315864122758796
2026-03-10 06:15:00,WTG-08,2828,1631.762085860367,3.1869263747725487,45.933567919626235
2026-03-10 06:30:00,WTG-08,4549,1500.2864029454415,2.9723213778733903,43.292562454148054
2026-03-10 06:45:00,WTG-08,4826,1164.9397347681884,2.7559927654978167,24.51922984852063
2026-03-10 07:00:00,WTG-08,1478,1654.1513004138415,3.1546611575013355,54.49317016667708
2026-03-10 07:15:00,WTG-08,1831,1638.5612027066215,3.2340431043219855,50.65082498280746
2026-03-10 07:30:00,WTG-08,3697,1753.4975338183224,3.405341339701727,48.73764679438252
2026-03-10 07:45:00,WTG-08,2614,1800.0,2.851585997769735,63.49367490677619
2026-03-10 08:00:00,WTG-08,1681,963.5443792418705,2.3439113463834587,29.341413779218044
2026-03-10 08:15:00,WTG-08,4706,1435.996962800442,2.527054595648662,37.899191024137274
2026-03-10 08:30:00,WTG-08,3735,1602.9233661806654,3.263336236241402,52.37138809277226
2026-03-10 08:45:00,WTG-08,2323,1032.4567562140344,2.007447731547467,32.96394376896735
2026-03-10 09:00:00,WTG-08,1081,1328.2179345339327,2.6655383181281143,41.81943796343908
2026-03-10 09:15:00,WTG-08,1086,1067.8405603067374,2.2205283872930837,29.906438785944168
2026-03-10 09:30:00,WTG-08,3272,1171.277003184419,2.45652059201659,37.39078871442274
2026-03-10 09:45:00,WTG-08,3063,1693.323802555716,3.32074585799683,49.49092262556601
2026-03-10 10:00:00,WTG-08,1821,1125.3506334360513,2.5541360062064387,36.54022626131075
2026-03-10 10:15:00,WTG-08,4429,1308.5411188726468,2.4669664042409405,29.731511296126207
2026-03-10 10:30:00,WTG-08,1162,841.0561034178544,1.7653510878127594,23.062315787639683
2026-03-10 10:45:00,WTG-08,4681,1346.7484615602832,2.919510790928638,49.013229335849466
2026-03-10 11:00:00,WTG-08,4739,1379.6826842334792,2.8493679400661214,37.55514325000288
2026-03-10 11:15:00,WTG-08,3561,1800.0,4.118118188932517,50.98080851253407
2026-03-10 11:30:00,WTG-08,3397,1079.6541835363896,2.266375384476024,30.149818813841815
2026-03-10 11:45:00,WTG-08,2932,1321.548809710551,2.571406895779178,33.57243361187331
2026-03-10 12:00:00,WTG-08,3728,1221.9830719273273,2.590157398997749,25.61808827667856
2026-03-10 12:15:00,WTG-08,4535,1800.0,3.5707243547510883,52.847068007381935
2026-03-10 12:30:00,WTG-08,2850,1260.8338252262342,2.3845661026944276,38.50431187719531
2026-03-10 12:45:00,WTG-08,2860,1489.1992063349476,2.608676646010613,44.413450847355165
2026-03-10 13:00:00,WTG-08,4446,1394.2702871898528,2.823653363479549,41.10371580595615
2026-03-10 13:15:00,WTG-08,2115,1342.556889408102,2.5513828178646225,40.491911036495
2026-03-10 13:30:00,WTG-08,3228,1106.0903108482667,2.192567113788744,38.29691668320182
2026-03-10 13:45:00,WTG-08,3790,1407.573041457601,2.5559717265425994,41.274960314081945
2026-03-10 14:00:00,WTG-08,4372,1508.106084172382,3.15997864586651,42.37276963973511
2026-03-10 14:15:00,WTG-08,3707,1029.540650708864,1.9100802388422717,29.480592096825486
2026-03-10 14:30:00,WTG-08,4863,1239.8950400149643,2.5187295392532647,40.0935849992328
2026-03-10 14:45:00,WTG-08,4260,1025.5680101564335,2.0639736557345665,37.827174697409255
2026-03-10 15:00:00,WTG-08,2882,1636.317450880549,3.2542844048714232,45.94880483057057
2026-03-10 15:15:00,WTG-08,4933,874.5840114485136,1.6987199436116915,26.732189278599826
2026-03-10 15:30:00,WTG-08,4385,1055.6468811104226,2.1345395708452366,33.361193642992475
2026-03-10 15:45:00,WTG-08,3540,1356.9816543987026,2.6710206721633,35.74655959831696
2026-03-10 16:00:00,WTG-08,1922,1800.0,3.5603889889710927,54.10208583606459
2026-03-10 16:15:00,WTG-08,4993,1299.2965226004967,2.4015031080779496,31.650526391304425
2026-03-10 16:30:00,WTG-08,3175,1155.1323363403249,2.1364337541812706,25.808718571512753
2026-03-10 16:45:00,WTG-08,4590,1800.0,3.844504383512211,55.83373203946128
2026-03-10 17:00:00,WTG-08,2449,800.0,1.729049188847286,22.080626293346086
2026-03-10 17:15:00,WTG-08,2582,820.6609634324448,1.4502618152173388,25.631230941079437
2026-03-10 17:30:00,WTG-08,1564,1443.4576333672253,2.711705908228492,43.214254115975
2026-03-10 17:45:00,WTG-08,4258,1229.1025760596174,2.163671016969038,31.99107703846953
2026-03-10 18:00:00,WTG-08,3597,895.8380609826979,1.9124722471592417,26.648870319659256
2026-03-10 18:15:00,WTG-08,3500,1423.507184899112,2.8929241008702933,36.53970902189908
2026-03-10 18:30:00,WTG-08,1470,1129.393686211462,2.586684204928011,40.83667237635086
2026-03-10 18:45:00,WTG-08,1987,1026.712059815511,2.131918340843197,24.02151007016551
2026-03-10 19:00:00,WTG-08,3785,999.0585637347693,1.798803025353649,28.992830557200172
2026-03-10 19:15:00,WTG-08,4636,1458.294083209557,3.009887242264753,38.537464556050466
2026-03-10 19:30:00,WTG-08,2934,1490.354000744417,2.8526120424486687,47.56272588913649
2026-03-10 19:45:00,WTG-08,1223,1172.1251688567415,2.382350958913045,33.50659820929474
2026-03-10 20:00:00,WTG-08,3201,1800.0,3.8123282818499558,51.40666640189395
2026-03-10 20:15:00,WTG-08,3607,830.4664457850712,1.8904711695332759,29.180001098809907
2026-03-10 20:30:00,WTG-08,1350,857.413774231357,1.6977856585359339,25.86956618532847
2026-03-10 20:45:00,WTG-08,4218,800.0,2.068010201940909,26.583222229679837
2026-03-10 21:00:00,WTG-08,2928,1187.8775934300354,2.4131344184924677,30.729698120313735
2026-03-10 21:15:00,WTG-08,4647,1130.151408981735,2.5863974667064977,26.88045754981451
2026-03-10 21:30:00,WTG-08,1348,1271.9572766948695,2.302715650080376,38.69475811104675
2026-03-10 21:45:00,WTG-08,1181,1405.191712758703,2.654901954964504,40.56151960528743
2026-03-10 22:00:00,WTG-08,1636,952.1988797926479,1.8110635631920795,31.698139756049155
2026-03-10 22:15:00,WTG-08,2017,1800.0,3.4566422737107834,53.600457736687254
2026-03-10 22:30:00,WTG-08,3226,1101.1512166248683,2.392085737414704,34.0599131949192
2026-03-10 22:45:00,WTG-08,4110,1771.5185264132492,3.193564413243387,45.02864314269126
2026-03-10 23:00:00,WTG-08,1771,1417.6939358505524,2.6489495588490275,51.97300277358785
2026-03-10 23:15:00,WTG-08,3941,1337.6734679471458,2.722657993338081,39.30899411325421
2026-03-10 23:30:00,WTG-08,4074,1512.4690209293062,2.7978140124220237,48.86200547957518
2026-03-10 23:45:00,WTG-08,2015,1247.7378642797648,2.7167344310418566,33.251677577294814
2026-03-11 00:00:00,WTG-08,3111,1341.2838609957525,2.8474705542970398,41.77856534095928
2026-03-11 00:15:00,WTG-08,1028,1620.0556117259573,3.3618291680998547,42.087444534155
2026-03-11 00:30:00,WTG-08,3419,1225.8346820146635,2.5574649056421297,39.03537965173826
2026-03-11 00:45:00,WTG-08,4594,1341.0322905089124,2.8933761095698753,38.45109829333821
2026-03-11 01:00:00,WTG-08,3144,1316.180189213834,2.387743765008603,39.631358196092854
2026-03-11 01:15:00,WTG-08,2893,1700.9060219838148,3.453582924041596,54.51705081016493
2026-03-11 01:30:00,WTG-08,2465,1073.0799088218332,2.0756588239722906,26.029695708553593
2026-03-11 01:45:00,WTG-08,2226,1800.0,3.7701594508754352,50.577541346936016
2026-03-11 02:00:00,WTG-08,4482,1026.077425281581,2.4162755106728655,33.068944163881255
2026-03-11 02:15:00,WTG-08,4040,895.0482617296792,1.736085051781074,37.34255522462411
2026-03-11 02:30:00,WTG-08,3068,1066.6691980235123,2.5157893911309803,31.309664267397956
2026-03-11 02:45:00,WTG-08,4622,1029.8160152053015,2.073358839627697,33.850161045778705
2026-03-11 03:00:00,WTG-08,3782,1356.5861995713194,2.986835406909201,40.16272863784718
2026-03-11 03:15:00,WTG-08,2125,1242.4442478756478,2.087433295905134,46.98455541005093
2026-03-11 03:30:00,WTG-08,4117,1187.485271312834,2.1926979981907233,26.88844980455874
2026-03-11 03:45:00,WTG-08,1065,800.0,1.5588009297099175,24.47310522334679
2026-03-11 04:00:00,WTG-08,3650,1221.1192231717282,2.189497110812523,28.505856527341543
2026-03-11 04:15:00,WTG-08,4235,800.0,1.3763828362635226,11.467142147316416
2026-03-11 04:30:00,WTG-08,2134,891.6660635799519,1.6746362514258855,28.23729217298764
2026-03-11 04:45:00,WTG-08,1337,1484.7362021760887,2.9295103176084347,45.23957504601996
2026-03-11 05:00:00,WTG-08,3170,1500.1642856431479,2.947524555019562,43.58074388058343
2026-03-11 05:15:00,WTG-08,2728,1478.344652074927,2.7022186041285003,43.81936911204904
2026-03-11 05:30:00,WTG-08,1446,1041.8614192404054,1.9372244179248506,46.747339747568454
2026-03-11 05:45:00,WTG-08,3658,1234.8252141826285,2.4119056958002525,35.75388073532168
2026-03-11 06:00:00,WTG-08,4362,1053.2815729895278,2.4375406332247147,34.14906899593621
2026-03-11 06:15:00,WTG-08,3718,829.6895554894704,1.8513883700348335,21.643862566614708
2026-03-11 06:30:00,WTG-08,4483,1741.2588104250951,3.507059407569335,53.71392718795587
2026-03-11 06:45:00,WTG-08,3662,1516.066063782827,3.013457652710324,44.29081353820672
2026-03-11 07:00:00,WTG-08,3944,1043.9332698408377,2.3139072846164606,29.265405681576482
2026-03-11 07:15:00,WTG-08,1280,1468.8804990500196,2.455425662984355,53.16090763250221
2026-03-11 07:30:00,WTG-08,4114,1434.0209611787045,2.5647631113066947,48.906553651282834
2026-03-11 07:45:00,WTG-08,4557,812.381018481271,1.5043383728840454,25.055163791434282
2026-03-11 08:00:00,WTG-08,1595,1156.926844377339,2.299446316497929,23.186745651600333
2026-03-11 08:15:00,WTG-08,2986,1015.2285076695001,2.0728988093192307,28.651809113822154
2026-03-11 08:30:00,WTG-08,3750,865.4986475913237,1.9213809871870944,39.48009724976513
2026-03-11 08:45:00,WTG-08,2074,1148.1841935607997,2.280872283417827,33.29221747362545
2026-03-11 09:00:00,WTG-08,4969,1800.0,3.7671750763785132,59.51608786026829
2026-03-11 09:15:00,WTG-08,1209,1298.9137505330339,2.8461796161623925,46.17712452575402
2026-03-11 09:30:00,WTG-08,1125,1097.5749930929496,2.1283147027369194,34.022069372068366
2026-03-11 09:45:00,WTG-08,1491,1384.3308978564964,2.7997136054779426,37.32081877635413
2026-03-11 10:00:00,WTG-08,4580,1519.0102238949032,3.4195819593652845,33.39374505793265
2026-03-11 10:15:00,WTG-08,4007,1438.0078516460835,3.0480927054480675,46.561051592427276
2026-03-11 10:30:00,WTG-08,1969,1196.0327605052253,2.474786627694779,31.807202801039015
2026-03-11 10:45:00,WTG-08,1580,1233.8992852967706,2.0902610391255028,37.89773081834158
2026-03-11 11:00:00,WTG-08,3824,1498.5842058610556,2.885857786815359,38.70842447788485
2026-03-11 11:15:00,WTG-08,3305,1207.202773744163,2.681501861308304,34.889895509973876
2026-03-11 11:30:00,WTG-08,2211,1561.8406576652253,3.026474057446923,47.02381500446202
2026-03-11 11:45:00,WTG-08,1229,1266.4140700007085,2.8422889377890903,39.33539000524274
2026-03-11 12:00:00,WTG-08,1188,1679.075927831138,3.141613644884861,44.79816689817207
2026-03-11 12:15:00,WTG-08,4486,1026.1991160194234,2.1466231624024226,36.770528224389466
2026-03-11 12:30:00,WTG-08,3057,1666.7637421134007,3.3522547219746355,47.01843833974216
2026-03-11 12:45:00,WTG-08,4185,1411.6434392547917,2.5581275490011453,33.97695587537752
2026-03-11 13:00:00,WTG-08,4147,1800.0,4.03069092436913,53.45488290018268
2026-03-11 13:15:00,WTG-08,3723,894.9626954645804,2.069349027951759,27.02075740906971
2026-03-11 13:30:00,WTG-08,1501,1797.1512768397095,3.7110224189486196,54.717485471050075
2026-03-11 13:45:00,WTG-08,3132,1382.997277960233,2.5583187857166028,48.30058035723239
2026-03-11 14:00:00,WTG-08,1048,892.0816851026743,2.088032585300717,25.58020636940093
2026-03-11 14:15:00,WTG-08,4566,803.3173060859704,2.1730657317940545,23.50142106073525
2026-03-11 14:30:00,WTG-08,3885,1084.6734820573056,2.2595787357964108,27.024282555553697
2026-03-11 14:45:00,WTG-08,4055,1405.863316681961,2.701378473381738,46.27866701489831
2026-03-11 15:00:00,WTG-08,1688,1503.199009964084,2.7663456699804025,46.01751561931304
2026-03-11 15:15:00,WTG-08,1386,1017.2022402794131,2.127036752975906,28.41592857191158
2026-03-11 15:30:00,WTG-08,1969,1171.5797618048118,2.4254448450328243,25.624019386817032
2026-03-11 15:45:00,WTG-08,4460,1800.0,4.09709397026996,61.22206097527544
2026-03-11 16:00:00,WTG-08,2005,1664.740150585811,3.7034286411107065,43.80380469529405
2026-03-11 16:15:00,WTG-08,3265,1315.7965281892496,2.7092972114151013,36.51750579882896
2026-03-11 16:30:00,WTG-08,2724,1250.033120265562,2.4619814625461127,39.29271616334688
2026-03-11 16:45:00,WTG-08,3004,1300.381166071059,2.5109185878851115,33.02864533904834
2026-03-11 17:00:00,WTG-08,4052,1362.7612224714521,2.827483783581081,33.41528778287785
2026-03-11 17:15:00,WTG-08,4417,959.3269186275928,1.9117656349140173,18.16006964532446
2026-03-11 17:30:00,WTG-08,4301,898.0899330433901,2.2938453367693783,30.547682755829882
2026-03-11 17:45:00,WTG-08,3302,800.0,1.6416510947315603,21.27406877636839
2026-03-11 18:00:00,WTG-08,3283,1387.954627872826,2.685207513234759,56.274989298551425
2026-03-11 18:15:00,WTG-08,4097,1327.0429742639153,2.850544755378767,34.83951389976309
2026-03-11 18:30:00,WTG-08,2607,1092.6125343527135,2.1734282243875076,28.1711209134368
2026-03-11 18:45:00,WTG-08,4332,1800.0,3.567717826923909,51.17303514857299
2026-03-11 19:00:00,WTG-08,2789,876.8072276250297,1.8221242954216124,27.519890104443334
2026-03-11 19:15:00,WTG-08,1270,878.2461706759053,1.7223995871524964,23.996368426350603
2026-03-11 19:30:00,WTG-08,1122,1191.069044811852,2.5746846026806267,38.79373241436812
2026-03-11 19:45:00,WTG-08,3703,1549.212808815355,3.1397478735699194,41.58344231451738
2026-03-11 20:00:00,WTG-08,2280,1800.0,3.6643507621035805,47.092041407682096
2026-03-11 20:15:00,WTG-08,4727,1108.729189129913,2.186063786066139,24.270801976851857
2026-03-11 20:30:00,WTG-08,2444,1523.2686763659021,3.1638436066445914,34.580189451291076
2026-03-11 20:45:00,WTG-08,1258,1231.0370758465688,2.417230870834979,34.34076717802178
2026-03-11 21:00:00,WTG-08,1947,1241.872440871467,2.3408229236156104,35.7512716641779
2026-03-11 21:15:00,WTG-08,3094,1304.0299958431829,3.0180482474018615,35.96371473787957
2026-03-11 21:30:00,WTG-08,1862,1542.9436486443417,2.854072484297504,52.50533844526606
2026-03-11 21:45:00,WTG-08,1524,805.1723615790835,1.6775956708943813,30.295321895413178
2026-03-11 22:00:00,WTG-08,1887,1784.678682797274,3.484259378946502,51.866345546695705
2026-03-11 22:15:00,WTG-08,1207,1800.0,3.403633219789164,45.03039443404018
2026-03-11 22:30:00,WTG-08,4382,913.2948811446455,2.1009245017353844,24.5653208940641
2026-03-11 22:45:00,WTG-08,3794,1270.5550851382577,2.682998370762025,35.11754558456242
2026-03-11 23:00:00,WTG-08,1148,1344.7518396855912,2.7472134185463233,37.05688037917744
2026-03-11 23:15:00,WTG-08,4905,1220.2225717802883,2.5971958477854624,33.118082633917425
2026-03-11 23:30:00,WTG-08,1437,1242.9571804715415,2.1389270457757212,34.02140093552221
2026-03-11 23:45:00,WTG-08,3202,953.3306282903787,2.078015675346116,26.667210769222564
2026-03-12 00:00:00,WTG-08,4749,1156.8191316357525,2.4247476191688784,31.52686845499479
2026-03-12 00:15:00,WTG-08,4161,1638.8060969964995,3.2367343876724033,50.205795453022944
2026-03-12 00:30:00,WTG-08,2721,1269.896599163971,2.7802231035431597,39.898741554443426
2026-03-12 00:45:00,WTG-08,4901,1076.7367531779828,2.2326096487072182,27.748877159427035
2026-03-12 01:00:00,WTG-08,1357,1500.497163201121,2.9375036741522074,51.370241526068796
2026-03-12 01:15:00,WTG-08,4245,800.0,1.2478198320323086,19.09968849079693
2026-03-12 01:30:00,WTG-08,2240,1599.6607754092488,3.217998922598487,39.90082019320077
2026-03-12 01:45:00,WTG-08,2930,800.0,1.6144791058300052,25.903890356825258
2026-03-12 02:00:00,WTG-08,1455,967.0388524867681,2.2369717668096896,24.924124902531343
2026-03-12 02:15:00,WTG-08,3823,966.3658141686244,1.868412986069401,30.59743177884567
2026-03-12 02:30:00,WTG-08,2632,1071.8473221375002,1.792708029945552,20.137076658622355
2026-03-12 02:45:00,WTG-08,1628,1615.5475256478978,3.2274147251391083,55.42870547685227
2026-03-12 03:00:00,WTG-08,4270,1113.2617497619476,2.1814706760743854,36.759319533060435
2026-03-12 03:15:00,WTG-08,3879,1394.9515357459427,2.6513585204685137,34.34616332656327
2026-03-12 03:30:00,WTG-08,1485,1079.248346143268,2.412362791595876,24.98356476506661
2026-03-12 03:45:00,WTG-08,3580,1538.2482896549423,2.7359936476839635,54.5087782101359
2026-03-12 04:00:00,WTG-08,1199,1262.7404501628362,2.485015141041112,34.195313987395295
2026-03-12 04:15:00,WTG-08,1370,1062.016633540828,1.7976618872638341,27.68957476256172
2026-03-12 04:30:00,WTG-08,2013,1477.3784796321331,3.1013635583690644,32.99109391821757
2026-03-12 04:45:00,WTG-08,2982,1265.7843725666555,2.167956360621746,36.21964014899189
2026-03-12 05:00:00,WTG-08,3900,920.2296468375735,1.6854281948681904,26.46829133094844
2026-03-12 05:15:00,WTG-08,2471,1156.3901282196473,2.202172239268823,38.269169330436846
2026-03-12 05:30:00,WTG-08,1247,1775.8088242267606,3.504812757582892,46.27887258588044
2026-03-12 05:45:00,WTG-08,1787,1472.0253165115846,2.993756356638059,36.559325534144484
2026-03-12 06:00:00,WTG-08,3311,1242.228691474925,2.2443510512550757,39.52167391813013
2026-03-12 06:15:00,WTG-08,4129,1136.0492055893915,2.2440264372091736,39.11512652381707
2026-03-12 06:30:00,WTG-08,4373,932.7348306833693,2.258883602084169,20.126283164911662
2026-03-12 06:45:00,WTG-08,3078,1800.0,4.032152539414759,59.407570431498705
2026-03-12 07:00:00,WTG-08,2521,1318.4447093625413,2.674058569163632,39.74105048831035
2026-03-12 07:15:00,WTG-08,2272,1383.6011541637963,2.7052025116944813,46.967061320287115
2026-03-12 07:30:00,WTG-08,1604,1557.8393855654322,3.126996468910843,46.384079759374885
2026-03-12 07:45:00,WTG-08,4848,1413.6823876384722,2.5835706173182116,29.799082041714414
2026-03-12 08:00:00,WTG-08,4342,951.3558161637992,2.2929320051353232,27.78083757333378
2026-03-12 08:15:00,WTG-08,4677,1178.145166385734,2.327572745470436,40.64507408492837
2026-03-12 08:30:00,WTG-08,2689,1017.2716006367264,2.3981390463508836,26.04941792368322
2026-03-12 08:45:00,WTG-08,2417,1284.9592872217654,2.417976115346697,36.6089537721157
2026-03-12 09:00:00,WTG-08,2820,1443.7609519319983,2.906413646752397,42.43216104020505
2026-03-12 09:15:00,WTG-08,1501,1277.0753745431325,2.4702287546814414,23.81469183695156
2026-03-12 09:30:00,WTG-08,4663,1368.5773323827866,2.9099312568835263,49.41405784867098
2026-03-12 09:45:00,WTG-08,4875,1324.4004633726145,2.3929079404136786,35.22513550169256
2026-03-12 10:00:00,WTG-08,4155,1347.2207527496819,2.486096572687593,42.94529974485445
2026-03-12 10:15:00,WTG-08,4436,818.2074451680173,1.519706029733657,24.112717674299475
2026-03-12 10:30:00,WTG-08,3933,1508.0369435034706,3.041977336379629,51.52920358690092
2026-03-12 10:45:00,WTG-08,1548,1383.6600755479085,2.6513486940367907,43.54008287857766
2026-03-12 11:00:00,WTG-08,2365,1480.6466959667302,3.10267190553093,43.244779521397035
2026-03-12 11:15:00,WTG-08,1838,800.0,1.2342097528618972,19.5324245374036
2026-03-12 11:30:00,WTG-08,2430,1800.0,4.043598676829482,57.98925350691069
2026-03-12 11:45:00,WTG-08,2448,1286.7647858786631,2.359407459761489,29.235737056586807
2026-03-12 12:00:00,WTG-08,4815,1520.3020085294033,3.1865245110202887,48.838512357261564
2026-03-12 12:15:00,WTG-08,4164,988.1571529726584,1.9040308424906964,24.149490831405387
2026-03-12 12:30:00,WTG-08,1847,1284.1740819452689,2.8269764726422673,44.78664076814127
2026-03-12 12:45:00,WTG-08,1613,1006.2131161593771,1.8979481700836192,30.99289119809479
2026-03-12 13:00:00,WTG-08,1411,1095.971335255521,2.1018219879385343,36.099758896916164
2026-03-12 13:15:00,WTG-08,3479,1750.7211997021864,3.8754056673108055,52.931580060189184
2026-03-12 13:30:00,WTG-08,1677,1049.1871885114158,2.3307311458053044,22.713730179637487
2026-03-12 13:45:00,WTG-08,1158,1256.8591059948697,2.5703459913384927,33.4021273628694
2026-03-12 14:00:00,WTG-08,3061,1473.9887235479694,3.0081493965241037,47.58160839449599
2026-03-12 14:15:00,WTG-08,1372,1253.2056794487928,2.7483067459813464,38.42944947026301
2026-03-12 14:30:00,WTG-08,3272,1303.5497875603626,2.5293038292502885,45.011443153339236
2026-03-12 14:45:00,WTG-08,4576,1356.7265641867043,2.6631584065853064,42.71816974078699
2026-03-12 15:00:00,WTG-08,2096,1800.0,4.366756327564389,49.1664905464867
2026-03-12 15:15:00,WTG-08,4320,1127.514107121011,2.4061865142736947,29.84510252502716
2026-03-12 15:30:00,WTG-08,3558,1385.0102169856204,2.560279008687928,42.0648934621848
2026-03-12 15:45:00,WTG-08,1602,1736.7664523146443,3.1424514820116296,40.5327732394388
2026-03-12 16:00:00,WTG-08,1215,1543.881380372094,3.1844750575134957,54.683650839277746
2026-03-12 16:15:00,WTG-08,2996,1562.7679553035887,3.2479692940381413,49.09177234099545
2026-03-12 16:30:00,WTG-08,4673,1471.4855552508939,2.8447295774193884,50.279739642771176
2026-03-12 16:45:00,WTG-08,2564,893.2603281772996,1.8581265323039964,18.89479014127314
2026-03-12 17:00:00,WTG-08,2840,1795.8788217874699,3.6196370837075866,60.099190455400375
2026-03-12 17:15:00,WTG-08,2962,1002.2947644015684,1.8566588984582024,41.226337487185795
2026-03-12 17:30:00,WTG-08,4035,1120.8295821944503,2.623530381890359,27.020495688946923
2026-03-12 17:45:00,WTG-08,4291,1150.6117708968738,2.037563076823214,38.37536210142505
2026-03-12 18:00:00,WTG-08,3887,1208.4834281939593,2.40243075152205,36.260052569255244
2026-03-12 18:15:00,WTG-08,1726,1278.8843683531297,2.6400673656186955,30.64436180935267
2026-03-12 18:30:00,WTG-08,2244,1308.7612307195539,2.6353692922833973,41.72725678084596
2026-03-12 18:45:00,WTG-08,4460,1346.202302727874,2.699918734451644,44.55408510602296
2026-03-12 19:00:00,WTG-08,3601,1628.043741858401,3.602327744405787,45.83567949240779
2026-03-12 19:15:00,WTG-08,4718,1509.7679788921437,2.7205483122936402,51.12262196804043
2026-03-12 19:30:00,WTG-08,2065,1154.6865315659488,2.301107936677774,26.306778913032474
2026-03-12 19:45:00,WTG-08,1675,1582.9575707539686,3.077314715418462,40.01494639037084
2026-03-12 20:00:00,WTG-08,3920,1720.1001198077147,3.2498902855006206,52.2859905721752
2026-03-12 20:15:00,WTG-08,1282,808.5494413860008,1.8213313742840616,24.383409631441385
2026-03-12 20:30:00,WTG-08,2081,1455.6049733136438,2.8165155668202417,40.08528175728879
2026-03-12 20:45:00,WTG-08,4885,1417.192249188426,2.887912716556611,46.56373965551221
2026-03-12 21:00:00,WTG-08,3881,1220.634422547262,2.2719146900512253,39.273504247497605
2026-03-12 21:15:00,WTG-08,3584,1487.284245491172,3.400013975052643,48.909222719405236
2026-03-12 21:30:00,WTG-08,4144,1166.8423052773378,2.3535034706029294,34.38958698155879
2026-03-12 21:45:00,WTG-08,2908,1196.849493356726,2.5142631178702444,38.91838614059348
2026-03-12 22:00:00,WTG-08,3970,1213.51325124732,2.340573912367809,34.17714602226963
2026-03-12 22:15:00,WTG-08,2152,1271.3929125590482,2.448776987644456,48.41088082720442
2026-03-12 22:30:00,WTG-08,4670,868.6305164687411,1.8787862119018877,21.996186643452305
2026-03-12 22:45:00,WTG-08,3889,800.0,1.73229545596645,34.52648714729156
2026-03-12 23:00:00,WTG-08,4497,1781.709186083473,3.5855514458784117,53.62571531795123
2026-03-12 23:15:00,WTG-08,1947,906.92739409338,1.9931832336498017,20.330267374957685
2026-03-12 23:30:00,WTG-08,1664,1047.220400923878,1.9260440627573308,38.257008780159346
2026-03-12 23:45:00,WTG-08,2717,800.0,1.4656799979633763,24.629506941974796
2026-03-13 00:00:00,WTG-08,2148,800.0,2.0942330953498995,28.25562049190119
2026-03-13 00:15:00,WTG-08,1066,852.8822302863366,1.7807288718970344,31.705746501303064
2026-03-13 00:30:00,WTG-08,3053,1709.744621433388,3.6271980070355703,52.982116413726764
2026-03-13 00:45:00,WTG-08,1636,1392.6464787754585,3.1115481206431057,38.81819013919968
2026-03-13 01:00:00,WTG-08,1313,911.187276560746,2.0698598807660065,32.21418518516863
2026-03-13 01:15:00,WTG-08,4397,1800.0,4.208709345515974,54.00377753727298
2026-03-13 01:30:00,WTG-08,1564,1678.1152405157413,3.0905023153818365,53.77274630851433
2026-03-13 01:45:00,WTG-08,2601,1159.8980292955232,2.2571591638180504,24.02828800990839
2026-03-13 02:00:00,WTG-08,1825,800.0,1.352508789205005,26.23490858504926
2026-03-13 02:15:00,WTG-08,3553,1800.0,4.248453620134977,50.80707087427485
2026-03-13 02:30:00,WTG-08,2105,830.6034198565153,1.753024901756829,33.18465078158811
2026-03-13 02:45:00,WTG-08,4670,800.0,1.6506129637804523,27.115436739445475
2026-03-13 03:00:00,WTG-08,2025,1445.1463682425717,3.12116527013174,44.55367977652363
2026-03-13 03:15:00,WTG-08,3251,1800.0,4.40569300452335,56.431549966751106
2026-03-13 03:30:00,WTG-08,1661,1664.5518951699194,3.407088531651728,44.94435259071399
2026-03-13 03:45:00,WTG-08,1804,1412.7382727897207,2.793865847595415,50.49843163633189
2026-03-13 04:00:00,WTG-08,3451,1397.697318231961,2.8147193704669,51.88777163904335
2026-03-13 04:15:00,WTG-08,4174,1456.4372127707018,2.9960678111308754,45.65768393586213
2026-03-13 04:30:00,WTG-08,1535,1369.6550453465286,2.9284593028324135,49.04166920326405
2026-03-13 04:45:00,WTG-08,2391,1365.8435733866854,2.610037908436377,38.1295662082379
2026-03-13 05:00:00,WTG-08,2235,1118.9848573178738,2.5013960986250643,29.58397788841131
2026-03-13 05:15:00,WTG-08,3624,1279.2629729348275,2.4033203631009603,38.58251293168944
2026-03-13 05:30:00,WTG-08,4280,918.6352254666886,2.037713854718722,29.733761955840148
2026-03-13 05:45:00,WTG-08,3810,1065.3085418639246,2.2811041311984566,29.989322849702134
2026-03-13 06:00:00,WTG-08,2920,800.0,1.6322860896126086,26.68884095184242
2026-03-13 06:15:00,WTG-08,3164,1141.2738629931418,2.382828155363411,35.77016330016132
2026-03-13 06:30:00,WTG-08,1627,1061.192900152685,1.927323308609774,26.844253128125278
2026-03-13 06:45:00,WTG-08,1748,989.3310942813926,1.8755365708739937,32.27389791570038
2026-03-13 07:00:00,WTG-08,4549,1371.4777254035955,2.547271028401584,45.461972974715465
2026-03-13 07:15:00,WTG-08,1104,1758.9568639144074,3.4134852186420277,53.62605250538417
2026-03-13 07:30:00,WTG-08,3542,1411.3532910618596,3.043440547829793,48.10383924816425
2026-03-13 07:45:00,WTG-08,4842,806.8815801783576,1.6799210052222266,18.119428437865967
2026-03-13 08:00:00,WTG-08,1045,885.4048985923588,1.9268496230082102,28.901899068430023
2026-03-13 08:15:00,WTG-08,3870,1663.0627128315236,3.0600104448552394,44.04047785296183
2026-03-13 08:30:00,WTG-08,2354,845.3780361838477,1.9301138016529578,19.790934294349995
2026-03-13 08:45:00,WTG-08,2239,1245.3085301321237,2.311877522386425,34.20460173527476
2026-03-13 09:00:00,WTG-08,1981,1481.570264336005,2.7845497546502562,39.73680701220893
2026-03-13 09:15:00,WTG-08,1959,1151.2600459084451,1.936596051473673,31.797822283547664
2026-03-13 09:30:00,WTG-08,2515,1210.0819674113893,2.502101253348678,35.231707468785736
2026-03-13 09:45:00,WTG-08,2836,959.3022959766159,1.7761401600371993,32.9648413109554
2026-03-13 10:00:00,WTG-08,4993,1284.6973341472094,2.1130643009866503,36.935124830887766
2026-03-13 10:15:00,WTG-08,3892,1255.4213367590592,2.6343710089048575,29.73451156892381
2026-03-13 10:30:00,WTG-08,3496,800.0,1.6710615959442923,29.7003392324758
2026-03-13 10:45:00,WTG-08,3583,1168.0022264503627,2.712006459682278,30.854616125435683
2026-03-13 11:00:00,WTG-08,3558,1285.3655144512588,2.4281886231302514,38.26736329801462
2026-03-13 11:15:00,WTG-08,2481,1204.77817387337,2.786186389358457,38.376027750904655
2026-03-13 11:30:00,WTG-08,4618,1249.9440822821073,2.5743519751517994,38.49637456047713
2026-03-13 11:45:00,WTG-08,2559,1738.9740443777753,3.3904854513477587,57.640119068940635
2026-03-13 12:00:00,WTG-08,3587,1275.5429045540834,2.514050701742184,40.6613028535863
2026-03-13 12:15:00,WTG-08,2507,1143.2915855702981,2.201494198303762,29.9921996686234
2026-03-13 12:30:00,WTG-08,3063,1278.3714188435001,2.512284866526829,49.243953435263315
2026-03-13 12:45:00,WTG-08,4642,1517.8969164378798,2.780020670213081,46.50857480982756
2026-03-13 13:00:00,WTG-08,3000,1138.96883075803,2.468400937663819,33.43236378963337
2026-03-13 13:15:00,WTG-08,3290,1164.0556286093315,2.463510284910369,39.7412959735578
2026-03-13 13:30:00,WTG-08,2973,954.2616976051931,2.0630552842645513,29.875105657806156
2026-03-13 13:45:00,WTG-08,4278,1124.1860149199472,2.0823336674673723,35.721721412295054
2026-03-13 14:00:00,WTG-08,1911,963.8637481257043,1.747647778572396,41.37683243677456
2026-03-13 14:15:00,WTG-08,2294,1800.0,3.723332512038715,52.62439285872477
2026-03-13 14:30:00,WTG-08,3808,1025.5245305145224,1.8143503276510593,29.176931445348693
2026-03-13 14:45:00,WTG-08,2802,915.955750065468,2.067519673606212,28.061565062026357
2026-03-13 15:00:00,WTG-08,3752,1194.2302215778552,2.055015620845483,41.18448632524085
2026-03-13 15:15:00,WTG-08,4918,1665.4625489109476,3.0262773734794437,42.43120631637643
2026-03-13 15:30:00,WTG-08,2753,1210.229402288148,2.273334405127147,26.479102611261915
2026-03-13 15:45:00,WTG-08,1114,1800.0,3.296113428897838,51.064423646899264
2026-03-13 16:00:00,WTG-08,2603,872.8839418681755,2.077092525271906,18.01690346074883
2026-03-13 16:15:00,WTG-08,2322,1251.8849286221225,2.6086594844967754,35.43239112103549
2026-03-13 16:30:00,WTG-08,2860,925.8137634401248,1.99868821901664,30.286911383850196
2026-03-13 16:45:00,WTG-08,4554,1800.0,4.099971683394055,49.54625568223868
2026-03-13 17:00:00,WTG-08,3444,814.3034891891198,1.8386351262986687,17.29497179176688
2026-03-13 17:15:00,WTG-08,3441,1389.7832657923345,2.628067501717172,42.04018378234677
2026-03-13 17:30:00,WTG-08,2098,1557.720007191163,2.841332785582983,51.04431763881074
2026-03-13 17:45:00,WTG-08,1977,1416.8428790626294,2.694645178108459,34.03041917929582
2026-03-13 18:00:00,WTG-08,2505,1195.2459674669742,2.3337417302016483,39.95854101553915
2026-03-13 18:15:00,WTG-08,2126,1083.6787663113898,2.3649322008029294,36.596894008033324
2026-03-13 18:30:00,WTG-08,1296,1148.0216769188714,2.465413547062816,39.211075818349286
2026-03-13 18:45:00,WTG-08,4049,1302.574112398718,2.355224443738103,45.16962444631997
2026-03-13 19:00:00,WTG-08,3225,1616.5148307667648,3.0771598607524635,59.50551454630102
2026-03-13 19:15:00,WTG-08,4286,1800.0,4.165882230794972,52.21953975690472
2026-03-13 19:30:00,WTG-08,4014,1025.8425856492045,2.135267080451587,31.32313546986542
2026-03-13 19:45:00,WTG-08,3362,800.0,1.7612149879634869,21.917807833759873
2026-03-13 20:00:00,WTG-08,2062,1087.2024123577096,2.388575308452307,32.62595659451034
2026-03-13 20:15:00,WTG-08,1258,1800.0,4.559012524315171,61.66436677818156
2026-03-13 20:30:00,WTG-08,4787,878.8454132938186,2.0137819407881308,19.640289979161214
2026-03-13 20:45:00,WTG-08,3054,1800.0,3.624643165028548,49.694751639172125
2026-03-13 21:00:00,WTG-08,3096,1800.0,3.6588063849578307,60.885904682522806
2026-03-13 21:15:00,WTG-08,4609,943.1348523033927,2.1372542382072437,33.39422810361223
2026-03-13 21:30:00,WTG-08,3208,1417.1136260389023,2.7972851571215878,40.697750547081675
2026-03-13 21:45:00,WTG-08,2892,1800.0,3.615209607525505,58.2720100056036
2026-03-13 22:00:00,WTG-08,1175,1115.287697704181,2.228075531026912,35.164710143585594
2026-03-13 22:15:00,WTG-08,4662,1448.6151857047653,2.323549760276177,50.959828616147895
2026-03-13 22:30:00,WTG-08,4073,894.6382668942889,2.1229963855642167,27.211695975962527
2026-03-13 22:45:00,WTG-08,2000,1063.577380803701,1.9154090556306265,37.035481993473944
2026-03-13 23:00:00,WTG-08,2918,1027.2681739209513,2.0890966953211954,44.02810477009164
2026-03-13 23:15:00,WTG-08,3502,988.64719776986,1.822910364572385,32.64991170833313
2026-03-13 23:30:00,WTG-08,4999,1273.9646395301354,2.4596678487204215,38.46558001487828
2026-03-13 23:45:00,WTG-08,2667,941.6715355668828,2.029974310555765,31.86238099311138
2026-03-14 00:00:00,WTG-08,1275,1313.1326791772076,2.580466079862547,37.5675760842968
2026-03-14 00:15:00,WTG-08,3545,800.0,1.685700219200378,35.939838527623664
2026-03-14 00:30:00,WTG-08,4700,1381.0310371980818,2.6414125742818846,42.331286304422356
2026-03-14 00:45:00,WTG-08,1675,1520.6685015434075,2.98170530988871,44.25538844517466
2026-03-14 01:00:00,WTG-08,2823,824.5118550217913,1.5212916763149622,20.55691062555356
2026-03-14 01:15:00,WTG-08,2051,1440.308524070187,2.668993383122944,48.6953566801378
2026-03-14 01:30:00,WTG-08,2356,1676.8193066629613,3.2801146452839802,54.640516264027525
2026-03-14 01:45:00,WTG-08,4072,929.3491755582442,1.829080467156833,25.39370340967686
2026-03-14 02:00:00,WTG-08,4259,1739.0164357273031,3.6542465387868646,55.05274979743121
2026-03-14 02:15:00,WTG-08,3103,1277.7945952290183,2.698033343187847,30.79105801580627
2026-03-14 02:30:00,WTG-08,1546,1149.460289276263,2.0615736545170598,35.408661553653666
2026-03-14 02:45:00,WTG-08,2135,1347.2601457509477,2.4072532103606994,42.6815861329119
2026-03-14 03:00:00,WTG-08,4869,1371.243476398697,2.790109040059805,49.67395333975702
2026-03-14 03:15:00,WTG-08,4381,1246.8644495854421,2.4845283497202293,33.55183947391981
2026-03-14 03:30:00,WTG-08,3083,1298.0281671789555,2.7769792093566643,32.549081871357046
2026-03-14 03:45:00,WTG-08,3040,1096.583198495032,1.9586150279365753,28.42035615022575
2026-03-14 04:00:00,WTG-08,1438,1336.9591971737057,2.5408350296090556,33.42593341363657
2026-03-14 04:15:00,WTG-08,2752,1065.6607959889272,1.7430781046851047,38.65311066846273
2026-03-14 04:30:00,WTG-08,2615,1099.9104973879748,2.3754856102118973,40.74051139675943
2026-03-14 04:45:00,WTG-08,2849,945.410079989901,1.9664217397834454,29.963385289441174
2026-03-14 05:00:00,WTG-08,3642,1046.4769582687559,2.0466647320323976,37.500783476488415
2026-03-14 05:15:00,WTG-08,2600,1708.0585385462227,3.2868191695472917,51.91154805928785
2026-03-14 05:30:00,WTG-08,4396,1565.1994533210632,3.173532434151653,46.48042536112806
2026-03-14 05:45:00,WTG-08,2663,1324.9533531190625,2.824498924328865,38.08341249830306
2026-03-14 06:00:00,WTG-08,1306,1028.415310862929,1.8805491159411436,29.300504369000038
2026-03-14 06:15:00,WTG-08,4605,1202.9667122228432,2.2617063519365703,28.34999358514014
2026-03-14 06:30:00,WTG-08,4799,1542.6481523616221,3.2685511248359895,47.600718388885355
2026-03-14 06:45:00,WTG-08,1618,1397.5565943390318,2.5240246284569645,41.725028279100734
2026-03-14 07:00:00,WTG-08,2132,1800.0,4.277998837935626,57.726803620389376
2026-03-14 07:15:00,WTG-08,2395,1354.1265164635222,2.6813937334774858,41.09141297609872
2026-03-14 07:30:00,WTG-08,3404,1285.3192674740199,2.5547189624728324,37.746059516375134
2026-03-14 07:45:00,WTG-08,3228,1188.2311415995684,2.2656507289759555,31.290969097948903
2026-03-14 08:00:00,WTG-08,2379,1173.3671814849508,2.519074977021153,35.56178162865733
2026-03-14 08:15:00,WTG-08,2699,1179.0750234967904,2.3521437511607646,39.063436858984524
2026-03-14 08:30:00,WTG-08,3115,1231.1371980894241,2.8927511051006847,31.21742098726342
2026-03-14 08:45:00,WTG-08,3339,1623.5570793667584,3.0718230296329296,49.144081149406446
2026-03-14 09:00:00,WTG-08,3739,854.9816943622268,2.0222620332128254,26.81466558851422
2026-03-14 09:15:00,WTG-08,1180,1038.997353484108,1.7773107412824165,27.57959668643192
2026-03-14 09:30:00,WTG-08,4537,800.0,1.578382606458571,21.06071847546
2026-03-14 09:45:00,WTG-08,3481,1357.0678474679917,2.7564690913222187,41.86508966787082
2026-03-14 10:00:00,WTG-08,2487,875.0443251545717,1.8756354315260444,20.584224663174034
2026-03-14 10:15:00,WTG-08,4752,800.0,1.4658505549532364,25.749618576246963
2026-03-14 10:30:00,WTG-08,1913,1481.0216779204995,2.6783370868113914,39.95387846931899
2026-03-14 10:45:00,WTG-08,2557,1800.0,4.463392623165446,59.31426846516608
2026-03-14 11:00:00,WTG-08,3113,1345.7458375992824,2.436098597980927,52.06151385491997
2026-03-14 11:15:00,WTG-08,2044,1526.4434223523738,2.985282148484406,41.48951866206211
2026-03-14 11:30:00,WTG-08,2635,1123.2992012782634,2.48800273212797,36.37001535022127
2026-03-14 11:45:00,WTG-08,3431,1083.725897199268,2.3825142730083835,28.878067391567942
2026-03-14 12:00:00,WTG-08,4883,1689.6391847846448,3.043999764127649,55.89394641252829
2026-03-14 12:15:00,WTG-08,2638,1043.3873358065273,2.275876047601601,24.97532802876974
2026-03-14 12:30:00,WTG-08,2582,1185.3618264283048,2.6013937549758017,37.963788584987704
2026-03-14 12:45:00,WTG-08,3086,1431.5240453884887,2.6355851823040317,38.5807765272079
2026-03-14 13:00:00,WTG-08,2308,1073.7370311560458,2.0797634870549087,31.177187989189527
2026-03-14 13:15:00,WTG-08,1821,1455.3051618992652,3.0981954391058104,38.50402848124142
2026-03-14 13:30:00,WTG-08,1601,1191.420821973106,2.3395166488652883,39.85437701367195
2026-03-14 13:45:00,WTG-08,2620,915.8504754250991,2.0368514875782537,23.290612490555038
2026-03-14 14:00:00,WTG-08,1784,1497.8203437798184,2.7754764078751157,47.69443161005369
2026-03-14 14:15:00,WTG-08,4407,1090.6179170797848,1.9689616411849429,30.998047371081874
2026-03-14 14:30:00,WTG-08,2211,1281.2948913994803,2.456188543034572,37.86648488299009
2026-03-14 14:45:00,WTG-08,1670,1253.3256657410477,2.434319119232692,38.338549509232074
2026-03-14 15:00:00,WTG-08,2266,1760.8062106548884,3.169374796336302,49.015062961352406
2026-03-14 15:15:00,WTG-08,2096,1367.193799586812,2.7344503336959787,42.0676495553088
2026-03-14 15:30:00,WTG-08,3526,1094.3395825028317,2.425053990089824,40.481860296857
2026-03-14 15:45:00,WTG-08,2997,1530.133300440732,2.9703718183150025,42.01352508405839
2026-03-14 16:00:00,WTG-08,3608,1800.0,3.4119988432223174,59.859050716369225
2026-03-14 16:15:00,WTG-08,1100,1293.404866062709,2.7897616307625883,46.292634149320186
2026-03-14 16:30:00,WTG-08,3561,1186.7087550372594,2.4457100634133155,31.52048770597756
2026-03-14 16:45:00,WTG-08,2779,934.376641813876,1.7854640760074614,20.75602622896352
2026-03-14 17:00:00,WTG-08,1175,940.9583686259336,1.892697707053015,29.738555559636833
2026-03-14 17:15:00,WTG-08,1237,1035.6490431932662,2.2677588024619952,28.332433681963618
2026-03-14 17:30:00,WTG-08,3957,1166.6705812518221,2.1089695912575497,44.343133533369674
2026-03-14 17:45:00,WTG-08,4130,1398.4049329617112,2.332801721519971,42.1261856913505
2026-03-14 18:00:00,WTG-08,4936,1256.1220491596712,2.473017806514561,33.67266443461424
2026-03-14 18:15:00,WTG-08,2122,1295.0534464503621,2.7709205508479244,33.1158058384523
2026-03-14 18:30:00,WTG-08,3918,1044.4902212507573,2.39877254751221,36.78423143297687
2026-03-14 18:45:00,WTG-08,2977,1396.915442993534,2.7422356897428317,39.051543419385084
2026-03-14 19:00:00,WTG-08,3542,1349.2198658439183,2.477664263024585,40.69573997261969
2026-03-14 19:15:00,WTG-08,3994,811.4157468665162,1.527797944433956,29.12148613155789
2026-03-14 19:30:00,WTG-08,3003,974.7415901047017,1.949963948393174,26.8209559434869
2026-03-14 19:45:00,WTG-08,2537,1119.5069472793602,2.3568682249165818,33.355564274680006
2026-03-14 20:00:00,WTG-08,1754,805.3122587123094,1.8290572439682367,24.07652571225668
2026-03-14 20:15:00,WTG-08,4368,1492.5918305832195,2.8182333959014625,48.19437747507704
2026-03-14 20:30:00,WTG-08,3258,1800.0,3.530437170752139,56.95372167755163
2026-03-14 20:45:00,WTG-08,2146,1481.9475671518326,3.273041091641812,43.357858358280836
2026-03-14 21:00:00,WTG-08,4300,1318.0209316496598,2.3180740676631832,39.85887325697239
2026-03-14 21:15:00,WTG-08,4665,1800.0,3.4962827823053413,52.141104942382555
2026-03-14 21:30:00,WTG-08,4727,1404.0796456622907,2.5282403622954224,34.734327335271495
2026-03-14 21:45:00,WTG-08,2411,991.0674766377774,2.250560502972578,31.020028586123967
2026-03-14 22:00:00,WTG-08,1139,916.9258777183411,2.10701658651977,36.96873513571557
2026-03-14 22:15:00,WTG-08,1540,1119.729254179019,2.2692523703114977,29.173281921915258
2026-03-14 22:30:00,WTG-08,2414,1161.9117888854819,2.223266692391925,30.99220511855094
2026-03-14 22:45:00,WTG-08,1269,1450.3756462362494,2.541479127887106,39.15763052886877
2026-03-14 23:00:00,WTG-08,4830,1338.3474443466475,2.5354791059302686,43.77338222401504
2026-03-14 23:15:00,WTG-08,2035,1196.4464639851687,2.4414291833327444,38.13582119053726
2026-03-14 23:30:00,WTG-08,2890,1252.2121270026641,2.7096980955385064,36.77367534799764
2026-03-14 23:45:00,WTG-08,4460,1748.4082176280356,3.250816320712241,47.86215122064624
2026-03-15 00:00:00,WTG-08,4408,1436.7879522352507,3.0665169896206446,43.565522525257144
2026-03-15 00:15:00,WTG-08,1505,1019.8952269249546,1.714096742895445,22.773746171069615
2026-03-15 00:30:00,WTG-08,2129,800.0,1.3355543259168157,24.717132834287465
2026-03-15 00:45:00,WTG-08,3079,1686.6783727192849,3.0552403309149994,54.957973112018216
2026-03-15 01:00:00,WTG-08,4145,949.1080774688389,1.7624298969258223,22.21724664089678
2026-03-15 01:15:00,WTG-08,4242,1142.2026472290315,2.3118043923465548,26.603488032722627
2026-03-15 01:30:00,WTG-08,2872,871.1863336422318,1.846251941649689,34.03277946774125
2026-03-15 01:45:00,WTG-08,2092,800.0,1.5910862640355603,20.941201802477075
2026-03-15 02:00:00,WTG-08,1812,1432.2273148517716,2.7787912912284956,48.64655867527225
2026-03-15 02:15:00,WTG-08,1361,1472.0254089921439,2.9286195187407444,43.39077394377515
2026-03-15 02:30:00,WTG-08,4720,1003.4253885844641,2.1256130587826694,29.292987572827286
2026-03-15 02:45:00,WTG-08,2456,800.0,1.3241410654055685,26.192063497483225
2026-03-15 03:00:00,WTG-08,1928,1078.3566866658305,2.140997967387831,27.930706316242713
2026-03-15 03:15:00,WTG-08,1099,1127.335074521894,2.6804169679267504,34.48253795313504
2026-03-15 03:30:00,WTG-08,2681,904.073915722976,1.7165142084882123,25.214770397568813
2026-03-15 03:45:00,WTG-08,3056,1176.7240605604457,2.549392366064253,28.699254599788212
2026-03-15 04:00:00,WTG-08,4645,1100.0212883133772,2.4307090572679035,34.688049023033315
2026-03-15 04:15:00,WTG-08,3744,1233.3882198570925,2.804245309136327,35.68510756132319
2026-03-15 04:30:00,WTG-08,2052,1075.9341488465834,2.510646797266745,31.492900323173963
2026-03-15 04:45:00,WTG-08,4964,831.6692941626956,1.934428088947849,18.899274107810076
2026-03-15 05:00:00,WTG-08,4185,1556.8414565758999,3.255487104677898,54.66224553609102
2026-03-15 05:15:00,WTG-08,3509,1369.693156109864,2.3487344847144147,45.474365615226496
2026-03-15 05:30:00,WTG-08,1920,1159.2772785909658,2.4237304923609724,39.59909777858886
2026-03-15 05:45:00,WTG-08,4214,994.161116431091,1.952772211608576,28.29760998072432
2026-03-15 06:00:00,WTG-08,3437,1137.1563252569188,2.194216373212572,25.46877531019046
2026-03-15 06:15:00,WTG-08,1631,1000.7852813541491,1.9753575254651285,39.788145353072025
2026-03-15 06:30:00,WTG-08,1681,1162.5778337081765,2.340644359561552,34.57184747121595
2026-03-15 06:45:00,WTG-08,3204,1725.0666460819534,3.689192044883756,48.008000402358334
2026-03-15 07:00:00,WTG-08,3382,1025.2646755066442,1.7603438413574461,32.84194813761489
2026-03-15 07:15:00,WTG-08,4932,1012.221695556416,1.6630040623852549,36.202254806708964
2026-03-15 07:30:00,WTG-08,3307,1571.593650746312,3.4797190403171614,47.032556741962026
2026-03-15 07:45:00,WTG-08,3129,1057.7768476157723,2.320359413408821,38.12618126817004
2026-03-15 08:00:00,WTG-08,1753,1011.6576526335547,2.0792773737425105,35.76472927159098
2026-03-15 08:15:00,WTG-08,2464,1470.6892665825517,3.1342860921471414,38.73877206046626
2026-03-15 08:30:00,WTG-08,4243,1106.060362295771,2.110927613900369,29.812860340575746
2026-03-15 08:45:00,WTG-08,4302,1800.0,3.7932337466598547,58.787685816398835
2026-03-15 09:00:00,WTG-08,1719,1652.3841797989833,2.871757146036646,36.0084625749173
2026-03-15 09:15:00,WTG-08,1074,1204.5450901076006,2.170980461346482,35.38907423740307
2026-03-15 09:30:00,WTG-08,2293,1800.0,4.11214918183886,46.84584399187664
2026-03-15 09:45:00,WTG-08,2922,1158.1374520231348,2.110877651382323,32.36135455352642
2026-03-15 10:00:00,WTG-08,3673,1568.8806902570336,2.9165812956426054,45.572320262564986
2026-03-15 10:15:00,WTG-08,1061,1254.3163987141659,2.6214222950399804,35.838270071887436
2026-03-15 10:30:00,WTG-08,1873,1588.154718896048,3.3395528867004893,44.88333530631839
2026-03-15 10:45:00,WTG-08,1319,1786.2739259703314,3.5569192393467333,48.10249953096587
2026-03-15 11:00:00,WTG-08,3149,1315.3843833605254,2.458441541821462,50.92108783490919
2026-03-15 11:15:00,WTG-08,2452,1032.8953992813526,2.0379787188320218,40.32417199924733
2026-03-15 11:30:00,WTG-08,1873,1204.68504019132,2.7247693768208396,30.330222104458183
2026-03-15 11:45:00,WTG-08,2745,957.220280327452,2.0750054494450723,36.627192166341395
2026-03-15 12:00:00,WTG-08,4001,1800.0,3.9703572362177284,52.00267254763573
2026-03-15 12:15:00,WTG-08,3302,1252.8767347988708,2.5208865904629074,38.23223941062467
2026-03-15 12:30:00,WTG-08,2555,1314.9709053303482,2.2354333753027347,39.13275736042587
2026-03-15 12:45:00,WTG-08,3617,1136.5017234731285,2.5502010354260567,30.796308497924027
2026-03-15 13:00:00,WTG-08,1111,935.888648259775,1.770659448152375,32.99592116582398
2026-03-15 13:15:00,WTG-08,4032,1116.4590302081083,1.9350954387505586,34.12320355912654
2026-03-15 13:30:00,WTG-08,4384,1800.0,3.258519726882342,51.61724288390379
2026-03-15 13:45:00,WTG-08,4045,1002.2166047419839,2.08531269412076,23.54355092325715
2026-03-15 14:00:00,WTG-08,1460,999.5800818825451,1.9008742732210502,25.519427387880746
2026-03-15 14:15:00,WTG-08,3755,1444.762034204028,2.7755719969683263,35.13596044811035
2026-03-15 14:30:00,WTG-08,1886,1643.011071380855,3.2469257964510514,49.351449883501495
2026-03-15 14:45:00,WTG-08,4533,1440.281964453406,2.900332969154673,37.2251309721802
2026-03-15 15:00:00,WTG-08,4936,1594.1971079207497,3.1011991379414905,46.49811067502978
2026-03-15 15:15:00,WTG-08,2115,800.0,2.0363431651205146,30.850509268051855
2026-03-15 15:30:00,WTG-08,2075,938.0848531093627,1.7397558082061992,34.1390434578888
2026-03-15 15:45:00,WTG-08,4876,1765.2684229716283,3.5053012652108633,52.79666821863576
2026-03-15 16:00:00,WTG-08,1519,1106.9124013240335,2.2583197820037197,32.771948409005255
2026-03-15 16:15:00,WTG-08,1811,1353.4047906172768,2.2974371420906423,50.00151646562335
2026-03-15 16:30:00,WTG-08,4169,1613.0304666227578,3.361047737003626,50.99469460047629
2026-03-15 16:45:00,WTG-08,3283,1354.0419936548567,2.7886991851227196,38.98222751026309
2026-03-15 17:00:00,WTG-08,2924,1560.200636120332,2.7220906117997172,39.6759284980077
2026-03-15 17:15:00,WTG-08,4445,1800.0,4.119874110020472,55.96936609082372
2026-03-15 17:30:00,WTG-08,2604,990.9698299903904,2.0919627165680885,33.87571376262602
2026-03-15 17:45:00,WTG-08,1926,1510.5258963058104,3.050456877297791,42.15751926660609
2026-03-15 18:00:00,WTG-08,1556,1320.690091369962,2.4732332863140143,41.07671651678901
2026-03-15 18:15:00,WTG-08,3696,1321.8523825613274,2.6021442636519923,37.83770500226468
2026-03-15 18:30:00,WTG-08,3281,1634.977623565239,3.52848031656093,48.129166710962146
2026-03-15 18:45:00,WTG-08,2055,1324.9660317840337,2.756365776193505,27.309870665709354
2026-03-15 19:00:00,WTG-08,4360,1327.6002728790563,2.776671432400555,38.71910116779101
2026-03-15 19:15:00,WTG-08,4709,1571.8371940553734,3.1591185971553557,52.00196233370147
2026-03-15 19:30:00,WTG-08,1578,1160.399507342712,2.2356302829594585,31.654972442448567
2026-03-15 19:45:00,WTG-08,1541,1040.2483900992052,1.996855629020816,31.470083544052734
2026-03-15 20:00:00,WTG-08,3161,800.0,1.9018207861523346,20.2202464665404
2026-03-15 20:15:00,WTG-08,3251,871.9208246696628,1.5310534518271546,27.959833121553746
2026-03-15 20:30:00,WTG-08,2052,1800.0,4.0120118546005,52.91738401231913
2026-03-15 20:45:00,WTG-08,3690,1076.3060433863418,1.8757056772539022,27.59297359818022
2026-03-15 21:00:00,WTG-08,1473,1201.2933760699634,2.3137470866817926,42.70155862042454
2026-03-15 21:15:00,WTG-08,3744,1251.737736993721,2.2832108824402892,42.19679217747271
2026-03-15 21:30:00,WTG-08,3300,1359.9256638551424,2.6265422654202593,37.7732360960134
2026-03-15 21:45:00,WTG-08,4869,1619.0806402547576,2.9689161292689654,51.06136075473161
2026-03-15 22:00:00,WTG-08,1904,1552.8162549801555,3.001182382756755,49.27154766350657
2026-03-15 22:15:00,WTG-08,2945,1051.3535842452973,2.122290217779175,34.752113702414796
2026-03-15 22:30:00,WTG-08,1385,1399.1981260889347,2.343909308088493,33.50466430269265
2026-03-15 22:45:00,WTG-08,1061,1394.3583988449723,2.610909373233966,46.8637846705123
2026-03-15 23:00:00,WTG-08,1514,1206.6815043467577,2.298614124492633,33.35195031577407
2026-03-15 23:15:00,WTG-08,1429,1670.7488039788022,3.5967584912652715,48.33332445215773
2026-03-15 23:30:00,WTG-08,1579,1243.7653512585694,2.7451922260098462,50.502369299058074
2026-03-15 23:45:00,WTG-08,2560,1485.0233725447715,2.9115036486611725,46.0600680799482
2026-03-16 00:00:00,WTG-08,4762,1445.2279848919095,2.8613517302301705,41.425227169521406
2026-03-16 00:15:00,WTG-08,2164,1557.247009487417,3.237318531976497,35.69093842084298
2026-03-16 00:30:00,WTG-08,3790,1288.0787167490244,2.547960893575637,45.59118217220251
2026-03-16 00:45:00,WTG-08,2323,1054.761814864882,1.7917982441210445,24.916806091903442
2026-03-16 01:00:00,WTG-08,3722,1412.2942227760107,2.6855079506419615,37.3516321657828
2026-03-16 01:15:00,WTG-08,3358,929.9306278309183,2.0880629576123844,26.241157339488304
2026-03-16 01:30:00,WTG-08,1470,1063.8553046269303,2.1500123746824493,38.997718097309374
2026-03-16 01:45:00,WTG-08,2416,1324.0188496313897,2.8090309954332917,43.58676542227048
2026-03-16 02:00:00,WTG-08,2665,1605.5121823789073,3.288564348039527,47.376177922165915
2026-03-16 02:15:00,WTG-08,2468,1184.699427256337,2.4521219876386025,37.08244313588421
2026-03-16 02:30:00,WTG-08,4829,1265.9571103457547,2.6274433372123105,34.97678484601711
2026-03-16 02:45:00,WTG-08,1808,1714.8282704189671,3.680683615232613,52.14311656039577
2026-03-16 03:00:00,WTG-08,1171,1279.6297131592514,2.584790362622141,38.75557511866822
2026-03-16 03:15:00,WTG-08,3623,1800.0,4.583575265752117,58.84384947840677
2026-03-16 03:30:00,WTG-08,1030,1104.5271127867973,2.794943963574048,37.97170399579866
2026-03-16 03:45:00,WTG-08,1046,1008.5624413209559,1.6065304777415792,32.7267601506569
2026-03-16 04:00:00,WTG-08,1129,1571.1326815051584,2.9245114321669825,45.32224265742423
2026-03-16 04:15:00,WTG-08,3399,1299.1492092652397,2.6735585635154786,42.68358774990782
2026-03-16 04:30:00,WTG-08,1977,1666.8109293608004,3.329858048773481,49.544485549808776
2026-03-16 04:45:00,WTG-08,4916,1317.0702806247439,2.8684714307130004,34.10253657517665
2026-03-16 05:00:00,WTG-08,2645,1349.5962335482438,2.3600478915343146,38.471448046892625
2026-03-16 05:15:00,WTG-08,2604,1101.106961536992,1.8227561841193616,33.45584376503138
2026-03-16 05:30:00,WTG-08,1057,1175.9324626699047,2.3205261796905043,39.82905279842086
2026-03-16 05:45:00,WTG-08,2129,1098.1028008916967,1.9914994729463245,32.025443165965136
2026-03-16 06:00:00,WTG-08,3859,1079.319606249771,2.1235818567127573,26.333594631295096
2026-03-16 06:15:00,WTG-08,2353,1271.5930163513249,2.810531120477836,38.431498907023844
2026-03-16 06:30:00,WTG-08,1767,1784.7560386740747,3.651876751140881,54.109961360505
2026-03-16 06:45:00,WTG-08,4895,1354.3265383346286,2.682267483314866,41.55898429455262
2026-03-16 07:00:00,WTG-08,1682,872.0641581298324,1.8350378600083537,30.76128232366712
2026-03-16 07:15:00,WTG-08,4454,1335.4863703387628,2.7147033961645324,45.15920731061237
2026-03-16 07:30:00,WTG-08,3008,1618.6272569947614,3.2555344254913456,45.58776334793451
2026-03-16 07:45:00,WTG-08,4233,1046.3289690914455,2.1088336377559833,28.30915178249865
2026-03-16 08:00:00,WTG-08,4044,1186.5044833178172,2.3625572685361376,30.39414094475715
2026-03-16 08:15:00,WTG-08,3333,1118.0664644710819,2.448253942221484,37.036072285534836
2026-03-16 08:30:00,WTG-08,4142,939.6916213656679,2.022786472556923,35.43484918265861
2026-03-16 08:45:00,WTG-08,2790,1297.186870379708,2.8512905938994093,37.34019647184662
2026-03-16 09:00:00,WTG-08,2477,1282.7624092177355,2.369961708498231,37.2757194529071
2026-03-16 09:15:00,WTG-08,1885,1138.618728118736,2.698366844605537,41.49247462805696
2026-03-16 09:30:00,WTG-08,4638,1102.4075457014908,1.9740970227395964,35.60001563711976
2026-03-16 09:45:00,WTG-08,4906,1237.2688134119637,2.1972677473713587,39.29924292636419
2026-03-16 10:00:00,WTG-08,1396,1421.1488994017725,2.9027339162000696,36.679884452184545
2026-03-16 10:15:00,WTG-08,2538,855.3997949711863,2.2314270075078326,29.055634195532683
2026-03-16 10:30:00,WTG-08,3073,1800.0,3.702906795351309,49.35431829745121
2026-03-16 10:45:00,WTG-08,1312,1102.1778709383302,2.2171925741344243,27.39523519847512
2026-03-16 11:00:00,WTG-08,3173,1186.354527925191,2.5748286998361647,33.85677795392217
2026-03-16 11:15:00,WTG-08,4479,1475.4597334739935,3.053963145709636,41.334828386976355
2026-03-16 11:30:00,WTG-08,2588,1023.6038344156522,1.741168629058634,29.600116560544368
2026-03-16 11:45:00,WTG-08,2221,869.7492826528395,1.6065131328453308,18.88757030696059
2026-03-16 12:00:00,WTG-08,1810,800.0,1.6977332745357276,28.79408153233836
2026-03-16 12:15:00,WTG-08,3235,1494.237413750132,3.3079946614193503,50.465553885086095
2026-03-16 12:30:00,WTG-08,3745,1036.3660632663123,2.1381355900545786,21.354269527285297
2026-03-16 12:45:00,WTG-08,4888,1800.0,4.53509848317567,58.892289028332755
2026-03-16 13:00:00,WTG-08,3857,1115.5361739372229,2.131832510401783,29.413442069008557
2026-03-16 13:15:00,WTG-08,3763,1221.5293367845736,2.550122016082679,40.93075778845114
2026-03-16 13:30:00,WTG-08,3032,1800.0,3.5401927030401663,53.65776753666792
2026-03-16 13:45:00,WTG-08,2507,1800.0,3.963305723564894,54.143877820404995
2026-03-16 14:00:00,WTG-08,1449,1800.0,4.017195226090105,53.074511752893905
2026-03-16 14:15:00,WTG-08,3570,1627.5938317568882,3.2648053649799307,54.888460973874075
2026-03-16 14:30:00,WTG-08,2894,1542.8311758164791,3.1222924458436174,40.08699521186923
2026-03-16 14:45:00,WTG-08,2377,1370.9367390378413,2.813208104911657,44.16730386481028
2026-03-16 15:00:00,WTG-08,4033,1589.1809581908333,2.9422337338912374,53.18207957017275
2026-03-16 15:15:00,WTG-08,3705,1006.5077776606946,2.1384782445116497,33.77693373252289
2026-03-16 15:30:00,WTG-08,1596,1007.9449952652136,2.006845448730431,41.861844429573495
2026-03-16 15:45:00,WTG-08,3147,1223.9567524747547,2.4376739245732924,34.073968760619145
2026-03-16 16:00:00,WTG-08,1615,1120.9174524230234,2.3421917434083532,38.41404768565835
2026-03-16 16:15:00,WTG-08,1947,957.2612843114309,2.189015678199682,28.187385352635825
2026-03-16 16:30:00,WTG-08,2581,1474.5871827038522,2.884579464684171,50.404645862878915
2026-03-16 16:45:00,WTG-08,1555,1529.292213457464,3.070785221286005,45.84032142511707
2026-03-16 17:00:00,WTG-08,1277,1295.990422455881,2.491932751024448,36.94033376436408
2026-03-16 17:15:00,WTG-08,4764,1689.1883990739962,3.4850968594358256,57.20601299157803
2026-03-16 17:30:00,WTG-08,4770,1051.4346111523655,1.8587049625421215,29.085228639476316
2026-03-16 17:45:00,WTG-08,3013,1076.8583764775594,2.329071509197488,25.242122499824
2026-03-16 18:00:00,WTG-08,4697,1199.0992395915086,2.055790422379439,33.38874277187612
2026-03-16 18:15:00,WTG-08,1490,800.0,1.567214706129866,27.095164732942663
2026-03-16 18:30:00,WTG-08,1254,1239.3681756447286,2.391782338378079,44.141239027277315
2026-03-16 18:45:00,WTG-08,3428,1232.2971306533548,2.369508124801385,37.52456079608321
2026-03-16 19:00:00,WTG-08,1891,1678.2601122193691,3.515631638026915,56.938788702751204
2026-03-16 19:15:00,WTG-08,1541,1462.0900893362225,2.8393013911002427,37.0718280726987
2026-03-16 19:30:00,WTG-08,2287,1083.51898061042,1.9111342272688079,30.28925209422308
2026-03-16 19:45:00,WTG-08,2633,1687.94517379348,3.819254115457773,49.195479628033894
2026-03-16 20:00:00,WTG-08,1824,1687.6963642355786,3.274843766972994,50.058093789704756
2026-03-16 20:15:00,WTG-08,3926,1153.7444883082808,2.8061431406825768,35.032806590499405
2026-03-16 20:30:00,WTG-08,2352,1058.860640207275,2.310854241119192,35.220373993179216
2026-03-16 20:45:00,WTG-08,4186,1133.2613507167237,1.9406894284532583,31.773806330649258
2026-03-16 21:00:00,WTG-08,4347,1057.7021978278626,2.231760802334136,32.42620936960151
2026-03-16 21:15:00,WTG-08,4559,1468.3944286583294,3.1715648501984535,43.82621840812962
2026-03-16 21:30:00,WTG-08,1280,1800.0,3.84771595774244,49.37055048054425
2026-03-16 21:45:00,WTG-08,2298,1800.0,3.541167770914378,53.43166655459282
2026-03-16 22:00:00,WTG-08,1772,902.0792084319116,2.1704948663050287,26.344078603471758
2026-03-16 22:15:00,WTG-08,3890,829.0870986105449,1.8684361795489588,24.047210133301114
2026-03-16 22:30:00,WTG-08,3766,1411.5038141028733,2.5235212915698213,42.50391170599345
2026-03-16 22:45:00,WTG-08,4967,987.5912293395974,1.603641989971648,30.006104583254853
2026-03-16 23:00:00,WTG-08,1327,1307.9154389488722,2.636517122755801,37.07598727292951
2026-03-16 23:15:00,WTG-08,3258,1053.537657672533,2.3548858558503944,37.969703400032316
2026-03-16 23:30:00,WTG-08,3774,1300.7529062436356,2.1823371121254396,33.17518404129398
2026-03-16 23:45:00,WTG-08,1922,994.6394252880186,1.6703903722261977,26.234332216291076
2026-03-17 00:00:00,WTG-08,1551,1447.9929945273284,2.76019659150221,57.33960795693763
2026-03-17 00:15:00,WTG-08,3073,992.7199147787275,2.147920299344939,24.59164066841567
2026-03-17 00:30:00,WTG-08,3074,918.2658625135325,1.8463375931946724,20.77920250185718
2026-03-17 00:45:00,WTG-08,1701,800.0,1.2410335182797103,27.67238372500609
2026-03-17 01:00:00,WTG-08,4154,1244.889274146106,2.4236082873690963,26.961078955513806
2026-03-17 01:15:00,WTG-08,2919,1800.0,3.743930472304179,52.823630450137806
2026-03-17 01:30:00,WTG-08,3729,1800.0,3.644208290169447,64.72912462538244
2026-03-17 01:45:00,WTG-08,3460,985.7606264488759,2.186996468294703,21.848139182699274
2026-03-17 02:00:00,WTG-08,1166,1193.9693348553144,2.1126393797067213,25.909257616965867
2026-03-17 02:15:00,WTG-08,4771,1396.589021866462,2.7305516157302927,34.401764646205365
2026-03-17 02:30:00,WTG-08,1168,1030.1337942096711,1.922854429247559,35.39581166802506
2026-03-17 02:45:00,WTG-08,4872,1458.1532095590005,2.6229982472622804,49.36847988669908
2026-03-17 03:00:00,WTG-08,1228,1355.6024207404676,2.9335208913836452,38.105128637321485
2026-03-17 03:15:00,WTG-08,3002,1636.1823131110905,3.2795297419634735,52.50153141333806
2026-03-17 03:30:00,WTG-08,4680,1137.7509803556397,2.3817928709831224,41.08380604822914
2026-03-17 03:45:00,WTG-08,1366,1004.9629807198088,2.3234978465127085,39.08562149374339
2026-03-17 04:00:00,WTG-08,1527,1023.9498963718312,1.9785577972226784,29.486820485255695
2026-03-17 04:15:00,WTG-08,1790,1252.5113456049116,2.0027113808929387,26.06798177979741
2026-03-17 04:30:00,WTG-08,4718,971.4207850854256,2.3108571190720015,25.038228940514333
2026-03-17 04:45:00,WTG-08,4609,1329.121764477363,2.66469965116462,37.7396319596446
2026-03-17 05:00:00,WTG-08,4935,1584.0345591952932,3.039960531375632,46.22634279296685
2026-03-17 05:15:00,WTG-08,1523,1019.3173608324628,2.0140190813336893,29.640223819930284
2026-03-17 05:30:00,WTG-08,2095,1737.6619121007905,3.497949434704729,57.72433035267706
2026-03-17 05:45:00,WTG-08,2668,1013.237636272558,2.286318545234281,36.769271221614645
2026-03-17 06:00:00,WTG-08,3153,1236.869770709933,2.4271821928318333,36.24772485167407
2026-03-17 06:15:00,WTG-08,3779,944.8175619506039,2.040987919304393,33.83695123877721
2026-03-17 06:30:00,WTG-08,2908,800.0,1.3762676690825113,25.788306833155445
2026-03-17 06:45:00,WTG-08,4012,1628.623950975989,3.018329457849232,49.18124839359252
2026-03-17 07:00:00,WTG-08,4760,1552.2815422033618,2.912885920438315,51.10116705165067
2026-03-17 07:15:00,WTG-08,2305,1145.5402868708443,2.2807483783714724,34.7274688473149
2026-03-17 07:30:00,WTG-08,1132,1262.4877009049164,2.479160464168692,48.16368691263631
2026-03-17 07:45:00,WTG-08,3581,1488.3081364239215,2.7617526703047304,37.45718825874485
2026-03-17 08:00:00,WTG-08,4022,863.9670153549118,1.6830660993542073,23.343155965187265
2026-03-17 08:15:00,WTG-08,3316,1165.296224360035,2.149788937767807,34.326292246031294
2026-03-17 08:30:00,WTG-08,4483,1447.030113894983,2.9535566679647363,45.608166869139446
2026-03-17 08:45:00,WTG-08,3720,1036.1421797117487,1.809887611708708,37.424067826867905
2026-03-17 09:00:00,WTG-08,2642,1340.9835813781324,2.6178100175697283,40.10751460516319
2026-03-17 09:15:00,WTG-08,3838,902.7626322743308,1.7667148758274869,19.971730720698886
2026-03-17 09:30:00,WTG-08,2888,1237.4990832308588,2.729010384204124,41.337541979200786
2026-03-17 09:45:00,WTG-08,2770,1238.1417524308986,2.4188923340014554,40.919046403636784
2026-03-17 10:00:00,WTG-08,1017,800.0,1.662390540389234,14.29070670310297
2026-03-17 10:15:00,WTG-08,2777,1551.4093656948835,3.230475276695466,46.52326030249251
2026-03-17 10:30:00,WTG-08,1116,942.0231654185131,2.0471214565002507,20.309985809153904
2026-03-17 10:45:00,WTG-08,1797,898.6951944688929,2.0106373753176308,23.63760034655647
2026-03-17 11:00:00,WTG-08,4865,1492.4537082419558,2.5599531358805194,40.25956661244467
2026-03-17 11:15:00,WTG-08,4215,1742.083343537766,3.2178988746778514,56.30882379734291
2026-03-17 11:30:00,WTG-08,4788,1149.4996138405547,1.914925727252257,35.06913928607756
2026-03-17 11:45:00,WTG-08,3598,1115.7123524682652,2.476003708847643,27.043415570267815
2026-03-17 12:00:00,WTG-08,3976,1359.327722471845,2.7044046949615113,45.180161488942055
2026-03-17 12:15:00,WTG-08,4737,1311.797120205551,2.882295765451921,32.18488448652445
2026-03-17 12:30:00,WTG-08,2711,1203.010302437599,2.5451595803146105,37.74087802548269
2026-03-17 12:45:00,WTG-08,1752,1025.4486284568816,2.2345226535970784,26.693405507248666
2026-03-17 13:00:00,WTG-08,3469,1125.1452721614846,2.002373743034657,31.92597275219194
2026-03-17 13:15:00,WTG-08,4969,1205.6669801175024,2.490579895855357,38.69136314371699
2026-03-17 13:30:00,WTG-08,2392,1051.6138777193844,1.8895518886999656,34.15566332687918
2026-03-17 13:45:00,WTG-08,3693,800.0,1.2271162493605479,30.6848453677798
2026-03-17 14:00:00,WTG-08,3605,1585.0895013226125,2.7094512522242673,47.14141654132111
2026-03-17 14:15:00,WTG-08,3097,1368.4938690694757,3.0328765827668964,42.587070386900976
2026-03-17 14:30:00,WTG-08,1677,823.9131460421399,1.3959796441269203,22.528707769242573
2026-03-17 14:45:00,WTG-08,1105,1073.4898683368463,1.9176915625935471,33.11464546321937
2026-03-17 15:00:00,WTG-08,4287,1318.3269730764982,2.8313297137584033,41.7472394323375
2026-03-17 15:15:00,WTG-08,1657,1800.0,4.013272057650413,53.50845076272812
2026-03-17 15:30:00,WTG-08,2946,1259.5349977236156,2.4518410028419853,28.767297511245985
2026-03-17 15:45:00,WTG-08,2448,1002.4180328904647,2.0503313177716107,31.729895468368415
2026-03-17 16:00:00,WTG-08,2095,1085.1451863772102,2.3350774701488204,34.37716297809359
2026-03-17 16:15:00,WTG-08,1987,1627.7535388912286,3.399328968072294,45.431738784997094
2026-03-17 16:30:00,WTG-08,3889,1250.353724193476,2.0907450292297667,31.088676545441704
2026-03-17 16:45:00,WTG-08,2808,1008.0321839754986,2.015927804159501,37.62036127178479
2026-03-17 17:00:00,WTG-08,2782,1165.0419192709828,2.1736578382356737,37.4084851326015
2026-03-17 17:15:00,WTG-08,1445,892.6618216798994,1.9435035196933095,25.63444949578843
2026-03-17 17:30:00,WTG-08,2948,1178.2695602636381,2.512509709771604,29.662922392171705
2026-03-17 17:45:00,WTG-08,4257,1800.0,3.6119435936749307,49.89092585789327
2026-03-17 18:00:00,WTG-08,3117,1183.2728989970924,2.636461040304491,42.01113895384393
2026-03-17 18:15:00,WTG-08,2997,1106.7796271619195,2.2966020079048937,33.89169851919781
2026-03-17 18:30:00,WTG-08,3197,1140.9228798693223,2.275040277524198,31.474751061076137
2026-03-17 18:45:00,WTG-08,4317,852.5426949812777,1.6828108695945447,28.12472700556161
2026-03-17 19:00:00,WTG-08,1773,1490.914134697249,3.0176469263977292,40.65543310368585
2026-03-17 19:15:00,WTG-08,2561,1236.8615154667702,2.394559074714356,44.610060615405
2026-03-17 19:30:00,WTG-08,2675,1237.4996554096751,2.336428159655788,43.88899233677388
2026-03-17 19:45:00,WTG-08,2122,1800.0,5.2980153639691885,51.667129643986115
2026-03-17 20:00:00,WTG-08,4981,1211.9606854875094,2.621082132708584,33.215469329470984
2026-03-17 20:15:00,WTG-08,2301,990.9680226520062,2.0387670648897718,16.638374686098786
2026-03-17 20:30:00,WTG-08,2586,1221.0243452817335,2.2030961181880793,29.222826500695167
2026-03-17 20:45:00,WTG-08,2686,1698.3394685275239,3.217749499540273,44.252835181036936
2026-03-17 21:00:00,WTG-08,1943,1116.1375674361677,2.506847025168548,34.16007872802196
2026-03-17 21:15:00,WTG-08,1454,901.6575361455215,1.7330190922206028,25.418557562158846
2026-03-17 21:30:00,WTG-08,2127,1324.2334603751465,3.0441119706252553,33.00032637417819
2026-03-17 21:45:00,WTG-08,1945,1044.5619615138016,2.079736942615529,29.931038633091262
2026-03-17 22:00:00,WTG-08,1600,1800.0,3.8371543171863656,56.52668573823674
2026-03-17 22:15:00,WTG-08,3700,1487.6562443311866,3.1648910321161705,47.26888407951353
2026-03-17 22:30:00,WTG-08,1724,1012.6189296627914,2.192102468423899,20.880216485589337
2026-03-17 22:45:00,WTG-08,3280,1737.8086881840486,3.322811420053525,51.4929432431023
2026-03-17 23:00:00,WTG-08,2417,1085.5572936212782,2.479674890284486,25.65001492378029
2026-03-17 23:15:00,WTG-08,2524,1434.52605389495,2.995603113766908,47.54442510254987
2026-03-17 23:30:00,WTG-08,4766,1430.1778807067883,2.741067533897226,46.82606850297114
2026-03-17 23:45:00,WTG-08,1250,933.3061422815424,1.9934694541009652,23.509048136823978
2026-03-18 00:00:00,WTG-08,2544,1022.3764908589167,2.091946979160028,26.8410687137655
2026-03-18 00:15:00,WTG-08,1078,1637.7947329855017,3.1267523239079966,46.82750673707351
2026-03-18 00:30:00,WTG-08,4123,1168.056185404398,2.251803154101484,23.777718588475242
2026-03-18 00:45:00,WTG-08,1897,1134.216813521367,2.2150699477836535,35.70634527284389
2026-03-18 01:00:00,WTG-08,3968,937.4262256065479,1.9426769070671035,26.75856403649578
2026-03-18 01:15:00,WTG-08,1780,1387.5110273375583,2.7010098316213256,46.47620623296604
2026-03-18 01:30:00,WTG-08,1225,1800.0,4.018195553390119,48.50795391018724
2026-03-18 01:45:00,WTG-08,2074,991.5874551724302,1.8916137883597035,26.652008913923247
2026-03-18 02:00:00,WTG-08,2209,1177.2348324118982,2.453856069847392,27.78441868216137
2026-03-18 02:15:00,WTG-08,2057,1696.8810283189032,3.4302758515137146,45.88497803209583
2026-03-18 02:30:00,WTG-08,1802,1097.7663960072518,2.393524350524906,27.023081899876463
2026-03-18 02:45:00,WTG-08,1741,1356.3926503250773,2.719786822651402,45.67164790398454
2026-03-18 03:00:00,WTG-08,3178,865.8585219231753,1.8939172165721194,22.484446413938297
2026-03-18 03:15:00,WTG-08,4070,1240.6318765381898,2.704073043108778,37.83983471986876
2026-03-18 03:30:00,WTG-08,3679,1192.2187028524484,2.332705176133819,33.862744066264426
2026-03-18 03:45:00,WTG-08,4514,1568.0078539881613,3.0934677528047905,40.692909289580776
2026-03-18 04:00:00,WTG-08,3885,1702.4120114262662,3.248249275862818,50.23085822692977
2026-03-18 04:15:00,WTG-08,3806,1800.0,4.570011183413906,56.99551665931797
2026-03-18 04:30:00,WTG-08,4503,1443.0434403427062,2.8044763113180613,37.252506247564426
2026-03-18 04:45:00,WTG-08,1703,1374.172029385769,2.6381845443168053,45.27072483522996
2026-03-18 05:00:00,WTG-08,3544,1322.5535991027741,2.556152436639229,35.42800336569474
2026-03-18 05:15:00,WTG-08,2426,1038.4008473132237,2.241932431186876,28.73710578903251
2026-03-18 05:30:00,WTG-08,3370,1338.0604217827251,2.6462481471112125,42.795228268531986
2026-03-18 05:45:00,WTG-08,4281,1172.9585185527537,2.273088977894575,31.871574770485175
2026-03-18 06:00:00,WTG-08,1614,1270.8608448806624,2.5402859963797364,38.3136996430992
2026-03-18 06:15:00,WTG-08,1328,1467.5623142768654,3.3524201602279478,42.453415284365505
2026-03-18 06:30:00,WTG-08,2395,975.6194142174446,1.9191409036401934,29.915422460042432
2026-03-18 06:45:00,WTG-08,2483,1800.0,3.211079089988318,42.09630447238251
2026-03-18 07:00:00,WTG-08,1132,1640.0100163770123,3.352027886505421,40.05189141526995
2026-03-18 07:15:00,WTG-08,1834,1112.9905174945231,2.3715964545601107,36.46955055506989
2026-03-18 07:30:00,WTG-08,3698,800.0,1.4764893041511002,29.185907028245254
2026-03-18 07:45:00,WTG-08,1120,1086.1471551977875,2.1098186683022604,28.031981138276016
2026-03-18 08:00:00,WTG-08,3653,1787.128934386297,3.3357108356893113,52.39372627073324
2026-03-18 08:15:00,WTG-08,2475,1087.3677926573484,2.426309216496475,34.094630044231955
2026-03-18 08:30:00,WTG-08,1964,1034.3563662720405,1.9224366820290826,34.496778996454736
2026-03-18 08:45:00,WTG-08,1128,1140.1761253271666,2.1622678384040404,24.066897401460754
2026-03-18 09:00:00,WTG-08,4162,1479.1945615929835,2.986818430574076,39.94563561289762
2026-03-18 09:15:00,WTG-08,4675,1425.0304757886581,2.7823234879929784,41.08801737441037
2026-03-18 09:30:00,WTG-08,2598,1254.9381266626244,2.303984757005577,41.16384478605898
2026-03-18 09:45:00,WTG-08,3076,1204.547143695756,2.2346312113858215,48.62856672948015
2026-03-18 10:00:00,WTG-08,3769,996.3813254038329,2.2213665132224114,28.751411128066394
2026-03-18 10:15:00,WTG-08,2547,1060.9199633475052,1.9578082893439135,24.79271158990521
2026-03-18 10:30:00,WTG-08,1332,1795.4238315448392,3.603785384096182,55.87405533235166
2026-03-18 10:45:00,WTG-08,4368,1136.5442594817464,2.25851369936039,40.70130673215594
2026-03-18 11:00:00,WTG-08,2153,1643.2044430122187,3.271769487824099,49.83620389526406
2026-03-18 11:15:00,WTG-08,2316,1746.1533763253456,3.522355350410343,47.851358563988896
2026-03-18 11:30:00,WTG-08,2196,1670.6196027888566,3.1028977061563,54.90855779106579
2026-03-18 11:45:00,WTG-08,4791,1091.7936729974629,2.200330937964768,36.07153828241606
2026-03-18 12:00:00,WTG-08,3991,1232.1063954532933,2.6881220165832205,31.83278764262068
2026-03-18 12:15:00,WTG-08,4095,1173.4156519468727,2.425537275087691,37.10959764607789
2026-03-18 12:30:00,WTG-08,4170,1001.1283520123127,1.9665177606625301,35.020178398663745
2026-03-18 12:45:00,WTG-08,2429,1441.557900018065,2.63727284317672,49.156187213336416
2026-03-18 13:00:00,WTG-08,1355,981.4890643703795,1.8423591917509923,29.112427054564108
2026-03-18 13:15:00,WTG-08,1138,1539.186551498679,3.2484801587467667,44.38519931406377
2026-03-18 13:30:00,WTG-08,2526,1340.0570210647004,2.1830760587936227,46.338079742347325
2026-03-18 13:45:00,WTG-08,4897,1306.6356750128334,2.5603162878300707,33.14826773548057
2026-03-18 14:00:00,WTG-08,2197,1433.2159707821845,2.6113537939645663,45.18937557807056
2026-03-18 14:15:00,WTG-08,1028,1131.33216099527,2.2930072087059856,27.089831693035954
2026-03-18 14:30:00,WTG-08,1930,1457.963100742176,2.809254352543262,49.065774383563294
2026-03-18 14:45:00,WTG-08,3543,1172.809912177598,2.1777261234515155,33.89406978727214
2026-03-18 15:00:00,WTG-08,2013,1626.3412086239948,3.009043474897138,55.13315243695719
2026-03-18 15:15:00,WTG-08,3702,991.3060381406115,1.771138415205578,32.19624492599598
2026-03-18 15:30:00,WTG-08,1827,1344.5936529834223,2.514747905952249,34.22170843919302
2026-03-18 15:45:00,WTG-08,1350,1800.0,3.898978632809044,61.12313866038622
2026-03-18 16:00:00,WTG-08,3601,903.809335025845,1.9219678784429022,34.870506382913995
2026-03-18 16:15:00,WTG-08,3024,1070.75616807106,2.0749908340772807,36.53411750512788
2026-03-18 16:30:00,WTG-08,1298,1473.5134390614319,2.76040126365465,40.39746384666185
2026-03-18 16:45:00,WTG-08,2743,1251.2678913382367,2.5470799228317946,36.00796696836005
2026-03-18 17:00:00,WTG-08,2865,1433.5130683027817,2.653991743462686,43.73252813611224
2026-03-18 17:15:00,WTG-08,2215,1517.2667782022327,2.7440102073072294,41.99945134940981
2026-03-18 17:30:00,WTG-08,2695,1329.3580177347712,2.8419802192842263,48.34247339435916
2026-03-18 17:45:00,WTG-08,3111,1510.1555880725498,3.1876953169043554,46.02630000080667
2026-03-18 18:00:00,WTG-08,1754,1331.9947464325376,2.6920645046461424,26.44310215743934
2026-03-18 18:15:00,WTG-08,1769,1182.1131454343958,2.3027037572309523,37.160173426812975
2026-03-18 18:30:00,WTG-08,4735,1381.5687472199024,2.868050897193215,39.7062754325105
2026-03-18 18:45:00,WTG-08,2238,1800.0,3.8620743109366833,53.625367219407764
2026-03-18 19:00:00,WTG-08,1833,1224.076646541245,2.3633399207787997,34.87920256730886
2026-03-18 19:15:00,WTG-08,3213,970.8239438745842,1.9337584781010204,33.15995039927096
2026-03-18 19:30:00,WTG-08,4614,1449.246136060473,3.1856741768946515,49.075822974581094
2026-03-18 19:45:00,WTG-08,2906,1053.5601631906945,2.3702834896668907,33.0220707070141
2026-03-18 20:00:00,WTG-08,4303,800.0,1.4591134517823678,22.303444064309204
2026-03-18 20:15:00,WTG-08,4865,1282.6061318992079,2.991731389029383,38.27149793293038
2026-03-18 20:30:00,WTG-08,2564,1174.551536998677,2.14657559206854,35.33454419284845
2026-03-18 20:45:00,WTG-08,2218,1177.8284361786555,2.387287641231775,31.32270288603548
2026-03-18 21:00:00,WTG-08,1505,1645.3651076358983,2.64211162135285,52.255596471933124
2026-03-18 21:15:00,WTG-08,2357,1507.6757694075798,2.5537682886919373,47.53048470152972
2026-03-18 21:30:00,WTG-08,4839,1428.6996064783827,2.893689026806269,50.563194393234845
2026-03-18 21:45:00,WTG-08,3840,1088.517258963148,2.198301918432559,38.93226667033681
2026-03-18 22:00:00,WTG-08,4375,1479.4920876190672,2.759867872437728,40.95638804062136
2026-03-18 22:15:00,WTG-08,3880,1316.644971799827,2.2926554216160464,43.60084102653964
2026-03-18 22:30:00,WTG-08,2460,1293.33169646668,2.914269204420563,34.04518397852804
2026-03-18 22:45:00,WTG-08,4394,1235.7350550608155,2.828745203192568,40.551712156528716
2026-03-18 23:00:00,WTG-08,4573,913.6800251061567,1.9517670113231895,24.82732975938416
2026-03-18 23:15:00,WTG-08,3905,1642.9943637751505,3.169441210915528,44.17356479637659
2026-03-18 23:30:00,WTG-08,4985,1122.8126547526308,2.1462505914037417,35.08460635606595
2026-03-18 23:45:00,WTG-08,2416,1588.6839026031555,2.9634135142095412,34.28768143732396
2026-03-19 00:00:00,WTG-08,3853,1212.3550051628254,2.6646495159987125,27.615772282858615
2026-03-19 00:15:00,WTG-08,4670,1670.6312096583588,3.804491191910493,49.23147687087935
2026-03-19 00:30:00,WTG-08,2172,1242.0629317885835,2.3125230245167376,37.67409678683171
2026-03-19 00:45:00,WTG-08,1760,1039.177754627425,2.243994763847897,29.328738788031803
2026-03-19 01:00:00,WTG-08,1832,1012.309026177048,2.4283156252318236,22.472089291723446
2026-03-19 01:15:00,WTG-08,2428,1148.9400295688117,2.268867309945747,30.37874167637182
2026-03-19 01:30:00,WTG-08,1282,1558.1223750066304,2.957609612369525,48.699717886385876
2026-03-19 01:45:00,WTG-08,4433,818.7593741139311,1.6619301746521178,27.471690076559746
2026-03-19 02:00:00,WTG-08,1378,903.1292742731002,1.8978282257826984,27.0127626402133
2026-03-19 02:15:00,WTG-08,1197,929.8102044003002,1.8914928552297818,33.67847503719395
2026-03-19 02:30:00,WTG-08,4062,1496.4796375861615,3.06707582765248,46.881374244881016
2026-03-19 02:45:00,WTG-08,4071,1709.3000595795884,3.6882095415472103,47.54172351759659
2026-03-19 03:00:00,WTG-08,1555,1118.2039472268614,2.379344029851809,32.143608149747756
2026-03-19 03:15:00,WTG-08,1355,1223.6059124933536,2.3429558439839444,29.693846588761332
2026-03-19 03:30:00,WTG-08,2563,1272.6588936035564,2.4809820789318127,37.639071856149606
2026-03-19 03:45:00,WTG-08,4500,1630.9244627278013,3.2282369642622384,54.48823697794073
2026-03-19 04:00:00,WTG-08,2040,878.2421238207305,1.9555139440121367,29.773714138176754
2026-03-19 04:15:00,WTG-08,3686,1273.5045571098597,2.5833097466468526,45.21518334289139
2026-03-19 04:30:00,WTG-08,1378,1325.091518553525,3.0855960463956214,38.23831933761079
2026-03-19 04:45:00,WTG-08,1679,1393.7939249115568,2.7518925170460355,48.544316719917994
2026-03-19 05:00:00,WTG-08,3553,1419.4883581495867,2.5532051747364597,41.61812961224775
2026-03-19 05:15:00,WTG-08,2779,1405.062679608996,3.104951785626413,49.50980580111935
2026-03-19 05:30:00,WTG-08,1898,800.0,1.2902839912374298,23.890716262789383
2026-03-19 05:45:00,WTG-08,1075,1468.7717363330014,2.871722116923977,47.599308959011424
2026-03-19 06:00:00,WTG-08,1230,1168.6403312665093,2.086712135647522,42.43477175954455
2026-03-19 06:15:00,WTG-08,2739,800.0,1.5804436047227841,23.032861857093973
2026-03-19 06:30:00,WTG-08,1961,1310.0762716887946,2.7586026092307683,40.3942330883847
2026-03-19 06:45:00,WTG-08,4319,1502.2699753847412,3.3983245792526993,51.51241638757375
2026-03-19 07:00:00,WTG-08,3349,1190.65241066798,2.3606171954743385,35.054556500389076
2026-03-19 07:15:00,WTG-08,3773,1738.6978672391779,3.068980526449607,45.55647460464453
2026-03-19 07:30:00,WTG-08,3262,1800.0,3.60107325052503,64.71503527292455
2026-03-19 07:45:00,WTG-08,4229,1672.8917341984009,3.3502392642335446,47.837929704266344
2026-03-19 08:00:00,WTG-08,3116,1800.0,3.6253902252749275,54.79378025468771
2026-03-19 08:15:00,WTG-08,1392,1457.1927557157078,2.916603912221136,49.49581601872687
2026-03-19 08:30:00,WTG-08,2108,1160.7923298043959,2.4841875340608177,31.78130037547587
2026-03-19 08:45:00,WTG-08,1266,916.0988031503074,1.6675416231650737,22.44362452839857
2026-03-19 09:00:00,WTG-08,2092,1172.6058720762192,2.300059439530087,36.44686264616074
2026-03-19 09:15:00,WTG-08,1610,999.232438856845,1.9949422273269586,21.0115911761434
2026-03-19 09:30:00,WTG-08,2370,1800.0,4.1258484326366025,52.5604696156604
2026-03-19 09:45:00,WTG-08,2008,1299.849907977522,2.3389982295680922,40.22069056090269
2026-03-19 10:00:00,WTG-08,1961,1322.8863232159367,2.512832097365252,38.33683021235228
2026-03-19 10:15:00,WTG-08,3775,1337.4638427005084,2.7855118528744773,32.40666056508651
2026-03-19 10:30:00,WTG-08,4998,1332.8274565141924,2.465289942291997,47.95571347644583
2026-03-19 10:45:00,WTG-08,1672,1787.3811341095288,3.674276435896099,54.13912479303174
2026-03-19 11:00:00,WTG-08,3470,972.9908386567533,2.102382375815714,36.34548574851131
2026-03-19 11:15:00,WTG-08,4677,1202.1744209084115,2.5562894653128807,34.765051376350115
2026-03-19 11:30:00,WTG-08,4245,844.5380869619461,2.0432898845415104,20.93608270040456
2026-03-19 11:45:00,WTG-08,2700,938.1633298426251,1.7820181836016091,29.49080449655455
2026-03-19 12:00:00,WTG-08,3162,870.8037150443752,2.1078364057564203,25.045175819690154
2026-03-19 12:15:00,WTG-08,3267,1086.1974063225662,2.418083578898285,26.697114899720194
2026-03-19 12:30:00,WTG-08,1030,893.215438501067,2.2015484788178403,34.14538444896949
2026-03-19 12:45:00,WTG-08,4594,1025.2719632684016,2.0677578650949817,27.646807783582066
2026-03-19 13:00:00,WTG-08,2366,858.0276498314671,1.7461193917173086,16.53949757096617
2026-03-19 13:15:00,WTG-08,2400,1163.0998358307527,2.391538914298778,41.53382534470924
2026-03-19 13:30:00,WTG-08,2153,800.0,1.7061177096075661,21.478509920936883
2026-03-19 13:45:00,WTG-08,1616,1347.4049236484195,2.929256597984167,37.38302824637446
2026-03-19 14:00:00,WTG-08,1538,1290.620569254266,2.4883671657992172,29.891679142478104
2026-03-19 14:15:00,WTG-08,3786,807.5295625980382,1.7251695115377739,32.9305943109261
2026-03-19 14:30:00,WTG-08,4073,1164.4361260467754,2.265600587786322,28.485680845354825
2026-03-19 14:45:00,WTG-08,1870,930.7701254758404,2.038589988176525,28.215351167803462
2026-03-19 15:00:00,WTG-08,1100,1335.0993637052636,2.633986178856311,44.616082523860115
2026-03-19 15:15:00,WTG-08,4604,1800.0,3.371055159173015,56.108584665015485
2026-03-19 15:30:00,WTG-08,4129,840.6418103542761,1.5640504606299956,24.920982750667324
2026-03-19 15:45:00,WTG-08,2412,1212.7104499196048,2.5079036634825056,27.872984206151067
2026-03-19 16:00:00,WTG-08,3739,1199.636576966358,2.3478333598615304,31.940473130154317
2026-03-19 16:15:00,WTG-08,1940,1409.5321549443906,2.867197344794824,43.224966338544334
2026-03-19 16:30:00,WTG-08,1340,1284.6535827470138,2.5677311285550823,34.60373713247543
2026-03-19 16:45:00,WTG-08,3908,986.7792223705028,2.0386806551707064,30.620173971108922
2026-03-19 17:00:00,WTG-08,2043,1113.7050462381974,2.260277133653473,36.81986843122163
2026-03-19 17:15:00,WTG-08,4326,1029.9318018791128,2.0174449331433904,35.710468485373895
2026-03-19 17:30:00,WTG-08,4388,1481.5623026593191,3.1617963452350284,38.31597229071616
2026-03-19 17:45:00,WTG-08,1037,1124.4848929395023,2.4521455512770003,44.71777706307984
2026-03-19 18:00:00,WTG-08,1659,1792.7984530280987,3.8633054168224397,57.62135031361362
2026-03-19 18:15:00,WTG-08,3033,1042.1895477977148,2.4044333164961715,31.257115665586124
2026-03-19 18:30:00,WTG-08,2560,908.2264901515854,2.0599095187472667,32.694477619930765
2026-03-19 18:45:00,WTG-08,4457,867.2014524396247,1.7025104035184235,37.84308243318861
2026-03-19 19:00:00,WTG-08,2656,800.0,1.5906541954308113,16.806399494715652
2026-03-19 19:15:00,WTG-08,3975,888.6336886672646,1.6745444844883097,25.532697447561166
2026-03-19 19:30:00,WTG-08,2049,1304.0851891315092,2.6012276285125058,27.23039737457863
2026-03-19 19:45:00,WTG-08,1453,1181.6277768611878,2.756956396409987,36.412090969075756
2026-03-19 20:00:00,WTG-08,2704,903.3496907458884,1.675704264647439,28.927461932002355
2026-03-19 20:15:00,WTG-08,2346,1594.2602283487627,3.026360727579183,47.63199627324908
2026-03-19 20:30:00,WTG-08,3784,987.3603489586527,2.173493232884276,26.34814261376803
2026-03-19 20:45:00,WTG-08,4584,1305.5705182832226,2.527102727987447,28.91954296755505
2026-03-19 21:00:00,WTG-08,1818,1714.8615809636,3.6010228094090397,53.31351584596685
2026-03-19 21:15:00,WTG-08,1772,1523.6063474120028,3.0276786194743384,52.985362841936706
2026-03-19 21:30:00,WTG-08,1012,1017.4182893423019,2.287736260075597,27.5674564016019
2026-03-19 21:45:00,WTG-08,3962,806.8714858571593,1.972364262221234,26.4064442208305
2026-03-19 22:00:00,WTG-08,4979,800.0,1.4662177420693892,16.159278432899747
2026-03-19 22:15:00,WTG-08,4631,1014.9526144734651,2.0546510182018975,32.73464375266652
2026-03-19 22:30:00,WTG-08,1920,1119.9104485247633,2.3193568357724477,31.630401967019615
2026-03-19 22:45:00,WTG-08,1824,845.5810820101316,1.9279682756647751,21.555342707289373
2026-03-19 23:00:00,WTG-08,3418,1142.0696361597115,2.3641190847456506,30.460270878710688
2026-03-19 23:15:00,WTG-08,2314,1269.4459872036584,2.48503302389117,36.1153217059447
2026-03-19 23:30:00,WTG-08,3379,1151.387850312731,2.3117543066499695,36.4538020878446
2026-03-19 23:45:00,WTG-08,4677,1062.6181962787346,2.0887361864376266,25.317729882384448
2026-03-20 00:00:00,WTG-08,3308,1203.1905636871634,2.5404041674651734,34.11014025277563
2026-03-20 00:15:00,WTG-08,3017,1473.653730349546,2.7129638777558602,44.00225302049064
2026-03-20 00:30:00,WTG-08,4861,823.0832529808059,1.881401173272568,19.197301466764884
2026-03-20 00:45:00,WTG-08,4942,1763.3577942634513,3.429203529109559,61.884059836278624
2026-03-20 01:00:00,WTG-08,2228,1309.5322772643788,2.382686335936765,35.01849091762465
2026-03-20 01:15:00,WTG-08,1696,1273.4399272865585,2.450698236023338,34.85601325042931
2026-03-20 01:30:00,WTG-08,3734,1426.1600458123933,2.8928249370377523,37.893261625259306
2026-03-20 01:45:00,WTG-08,1949,1237.226682688074,2.580112774708744,46.10920091633281
2026-03-20 02:00:00,WTG-08,3434,1638.1962978084166,3.0691750654075816,51.91041507724991
2026-03-20 02:15:00,WTG-08,4963,1164.5842684686518,2.6137635219896382,30.254568022841337
2026-03-20 02:30:00,WTG-08,3868,956.7380652988959,2.1075009826737205,34.23329975326672
2026-03-20 02:45:00,WTG-08,3515,1290.7161476233607,2.660943848345066,39.72497790014521
2026-03-20 03:00:00,WTG-08,2438,1052.6701402998463,1.857809529097293,32.86637131455289
2026-03-20 03:15:00,WTG-08,1068,1289.9838671700259,2.5040142071318723,36.97712997133851
2026-03-20 03:30:00,WTG-08,4543,1113.3408005842027,2.4202907528704545,29.65314408274121
2026-03-20 03:45:00,WTG-08,4175,1129.4839334334683,2.321029407943917,35.573348498277056
2026-03-20 04:00:00,WTG-08,2781,1121.397136080529,2.365658900980317,30.916477932437914
2026-03-20 04:15:00,WTG-08,4232,800.0,1.5616087879606275,33.08377814787552
2026-03-20 04:30:00,WTG-08,3247,1167.7553091248624,2.1397327065383687,28.68620374753035
2026-03-20 04:45:00,WTG-08,3263,1110.119728108027,2.4945880820687547,40.98437570751554
2026-03-20 05:00:00,WTG-08,2969,1428.399198989896,2.535042226832917,42.29538172570787
2026-03-20 05:15:00,WTG-08,1211,1037.6007007066714,1.9095554633764185,32.62344969130567
2026-03-20 05:30:00,WTG-08,1507,1764.3366036309762,3.3105008731412124,57.09588694207646
2026-03-20 05:45:00,WTG-08,3063,945.7617337515323,1.9841113699081163,25.22160553752379
2026-03-20 06:00:00,WTG-08,2521,1525.6631624268948,3.0813144686696115,50.09113679630003
2026-03-20 06:15:00,WTG-08,3931,1208.3591849655431,2.703348732836029,22.71305627206041
2026-03-20 06:30:00,WTG-08,1331,992.8407977903964,2.0906140769941537,26.185276267602195
2026-03-20 06:45:00,WTG-08,3764,1800.0,3.7467185037696202,49.379685963294676
2026-03-20 07:00:00,WTG-08,4948,1047.6125348146097,1.8360124572729404,25.16084598257948
2026-03-20 07:15:00,WTG-08,1550,1411.3127908079205,3.0440569449763313,41.26460953384286
2026-03-20 07:30:00,WTG-08,2624,1515.7511067025616,3.104603400802177,47.40128304198532
2026-03-20 07:45:00,WTG-08,1941,1024.1259797485586,2.0785118035436216,34.23707938495329
2026-03-20 08:00:00,WTG-08,3303,1567.3554738409657,3.4138687881204284,48.22504800123101
2026-03-20 08:15:00,WTG-08,4039,1208.0695525105107,2.2978692566693413,32.91361925084759
2026-03-20 08:30:00,WTG-08,4837,1234.9759822759277,2.6147500309003773,38.894361657403664
2026-03-20 08:45:00,WTG-08,1727,1278.9490397606182,2.5969761497566415,38.9898996670728
2026-03-20 09:00:00,WTG-08,1879,1136.001236997615,2.3623923483776057,38.76031794960853
2026-03-20 09:15:00,WTG-08,3862,1403.7577134470826,2.9653831280381002,45.997414918070056
2026-03-20 09:30:00,WTG-08,4243,1475.7970818817137,2.9530031608595384,44.42629452605455
2026-03-20 09:45:00,WTG-08,1648,800.0,1.6111440405222839,19.513734969193717
2026-03-20 10:00:00,WTG-08,1999,1633.6434280046149,3.341658432464963,45.744552060978044
2026-03-20 10:15:00,WTG-08,2521,800.0,1.644000851344074,21.25105320180983
2026-03-20 10:30:00,WTG-08,3518,1596.3071108906759,3.1287092876247606,46.312881657138995
2026-03-20 10:45:00,WTG-08,4455,1765.7867528213114,3.200850051944166,54.31385472258811
2026-03-20 11:00:00,WTG-08,3737,954.5629835175719,1.8811485204673184,32.21276145616745
2026-03-20 11:15:00,WTG-08,2612,1205.2539637890054,2.211284284595785,35.90202544859328
2026-03-20 11:30:00,WTG-08,3747,800.0,1.8745978482267838,24.080623939502363
2026-03-20 11:45:00,WTG-08,3554,1174.4034201088923,2.3172545523590307,35.94863412826679
2026-03-20 12:00:00,WTG-08,4039,1023.3815252157019,2.266236714225617,28.121919190809358
2026-03-20 12:15:00,WTG-08,2009,1323.886118936847,2.9431572233800742,35.08962227989063
2026-03-20 12:30:00,WTG-08,2550,1599.3123618311201,3.3464990051540475,39.20218136838005
2026-03-20 12:45:00,WTG-08,1803,1800.0,3.416536291709597,50.52425320961564
2026-03-20 13:00:00,WTG-08,3878,1161.446143156772,2.1328891205796148,37.20911156104209
2026-03-20 13:15:00,WTG-08,4396,1184.5084342886357,2.3204159241663915,32.020695838461236
2026-03-20 13:30:00,WTG-08,1213,800.0,1.6359367445513437,22.810964812870303
2026-03-20 13:45:00,WTG-08,4279,986.737836188129,2.012731802653845,31.934291522705454
2026-03-20 14:00:00,WTG-08,1168,1569.1118923287356,3.0778837828771244,49.67680425197541
2026-03-20 14:15:00,WTG-08,4401,1800.0,3.603966827133474,48.6023357391698
2026-03-20 14:30:00,WTG-08,4351,800.0,1.818432919184485,28.985296782268207
2026-03-20 14:45:00,WTG-08,1977,969.7432466813232,2.117550062966621,34.72904784721712
2026-03-20 15:00:00,WTG-08,2328,1205.7185651504844,2.424252683130712,30.522307668421732
2026-03-20 15:15:00,WTG-08,1145,1358.3248362228512,2.609391490542264,36.630560738479765
2026-03-20 15:30:00,WTG-08,2798,800.0,2.010947361774105,29.955453415730958
2026-03-20 15:45:00,WTG-08,1515,1334.442728384811,2.7013102518655936,39.29901424526783
2026-03-20 16:00:00,WTG-08,4161,1103.4443934610524,2.178279032946314,22.004442066572317
2026-03-20 16:15:00,WTG-08,1452,1300.5655999576184,2.4312088022119944,32.018560475065115
2026-03-20 16:30:00,WTG-08,1059,1460.296858116349,2.782022199385211,42.562057617628064
2026-03-20 16:45:00,WTG-08,4382,1279.9602968821516,2.443406330002542,32.583595655041535
2026-03-20 17:00:00,WTG-08,1527,1018.921002016051,2.197830105372489,28.500511207299322
2026-03-20 17:15:00,WTG-08,4298,997.402405598144,2.3764052386209498,30.084053236362212
2026-03-20 17:30:00,WTG-08,2023,1154.9592324312564,2.3885290162747927,41.96004999311133
2026-03-20 17:45:00,WTG-08,3521,1216.628845016072,2.232931324990432,35.04659576934322
2026-03-20 18:00:00,WTG-08,2564,1285.8789128480357,2.293066920191185,43.939076383304865
2026-03-20 18:15:00,WTG-08,4734,1800.0,3.589162697334054,61.143800810183855
2026-03-20 18:30:00,WTG-08,3804,1438.8606602557768,2.7918531559512068,50.33736815443368
2026-03-20 18:45:00,WTG-08,3829,1174.4870197640098,2.2730461098508266,36.65838355984813
2026-03-20 19:00:00,WTG-08,2102,1386.8752137734796,2.884974176899115,31.789810674009516
2026-03-20 19:15:00,WTG-08,1432,1113.1526764890673,2.2523174116888587,35.69870462169134
2026-03-20 19:30:00,WTG-08,4872,1785.429272791508,3.23704464041775,58.804877622812946
2026-03-20 19:45:00,WTG-08,2176,1238.8241095306105,2.6661598202195966,36.75938775874123
2026-03-20 20:00:00,WTG-08,4860,1350.3373339742,2.3777189098064295,49.233039369602245
2026-03-20 20:15:00,WTG-08,1400,1326.1671364568952,2.716739903812202,44.08418190104415
2026-03-20 20:30:00,WTG-08,4350,972.4295498925246,1.6797726779660336,32.01425338253966
2026-03-20 20:45:00,WTG-08,3104,800.0,1.8652779076902155,29.43190355602919
2026-03-20 21:00:00,WTG-08,4050,976.5341166593099,1.83588739308569,30.962872756083687
2026-03-20 21:15:00,WTG-08,3233,1188.706894241324,2.5247678156721727,23.197154330262954
2026-03-20 21:30:00,WTG-08,3445,1712.4284477629822,3.7079103339108017,48.877158675537636
2026-03-20 21:45:00,WTG-08,1604,1800.0,4.1870565316360855,59.98584013623927
2026-03-20 22:00:00,WTG-08,3835,1523.078987051873,2.8442636163845516,41.65441291106471
2026-03-20 22:15:00,WTG-08,3205,1291.3693467108114,2.751726981140322,37.62371787513965
2026-03-20 22:30:00,WTG-08,2810,800.0,1.5914302613115172,18.775818430484644
2026-03-20 22:45:00,WTG-08,4764,1062.2258747675862,2.1428207024021635,40.78638921903643
2026-03-20 23:00:00,WTG-08,4430,1001.9564431330643,2.021399952021565,38.466155581082006
2026-03-20 23:15:00,WTG-08,2463,1106.4742296784448,2.1032845338459896,28.774882414649696
2026-03-20 23:30:00,WTG-08,3636,1266.6274589969614,2.343336003721025,38.73531377185426
2026-03-20 23:45:00,WTG-08,3513,1083.6524015098373,2.1791878392741735,29.107101806474876
2026-03-21 00:00:00,WTG-08,4734,948.7654941579636,1.5264303253570748,31.537688019895796
2026-03-21 00:15:00,WTG-08,3493,1482.7628727968308,2.920678796686603,47.03130157011657
2026-03-21 00:30:00,WTG-08,2773,909.9981897058084,1.8892816806129968,31.35847354924058
2026-03-21 00:45:00,WTG-08,3848,1130.770673741161,2.583854819302888,35.582712450774274
2026-03-21 01:00:00,WTG-08,4814,1800.0,4.029533307028766,68.67703103194233
2026-03-21 01:15:00,WTG-08,4559,945.9683373776948,1.9592140638376168,23.239431296277147
2026-03-21 01:30:00,WTG-08,2553,800.0,1.3428760875102803,15.446983227817428
2026-03-21 01:45:00,WTG-08,2096,1185.3484679083774,2.278200211003384,33.595003033744014
2026-03-21 02:00:00,WTG-08,1928,1472.5410421071253,3.180955908540774,36.336289935412424
2026-03-21 02:15:00,WTG-08,2951,1800.0,3.9174660451853778,46.537688649970036
2026-03-21 02:30:00,WTG-08,4772,977.4011000021412,1.8204959656584718,24.315459729074398
2026-03-21 02:45:00,WTG-08,2973,1527.2933287402693,2.748980385602972,41.20785533504994
2026-03-21 03:00:00,WTG-08,3064,1180.1079537855376,2.1827151140882632,30.630148103815824
2026-03-21 03:15:00,WTG-08,2554,1265.3296296179703,2.378489928373645,40.55098364076617
2026-03-21 03:30:00,WTG-08,3778,1800.0,4.6316487545551395,51.469054694573316
2026-03-21 03:45:00,WTG-08,1325,892.2414796276335,1.7068205581705769,25.869671514466603
2026-03-21 04:00:00,WTG-08,1994,1421.385811901044,2.592870643660856,47.11273822953599
2026-03-21 04:15:00,WTG-08,4703,1231.642635141305,2.7298407497785395,33.117666430332015
2026-03-21 04:30:00,WTG-08,1612,1549.7015533636045,3.1692909721706,45.168317107384524
2026-03-21 04:45:00,WTG-08,3593,1171.5761541346426,2.4976660580205334,36.976084554503856
2026-03-21 05:00:00,WTG-08,1595,1351.38979760503,2.6269489714648353,30.833854925049792
2026-03-21 05:15:00,WTG-08,1920,1233.7345324222442,2.2214246297143307,25.087508427914415
2026-03-21 05:30:00,WTG-08,4779,1241.5419396319887,2.6024787366081923,38.976844832948274
2026-03-21 05:45:00,WTG-08,1841,884.6095699099832,2.247280013313854,28.99835850013399
2026-03-21 06:00:00,WTG-08,2225,1375.268449560867,2.832981048126628,51.57915416108807
2026-03-21 06:15:00,WTG-08,1343,1207.9198726029604,2.2331449988024397,37.02807055742286
2026-03-21 06:30:00,WTG-08,2876,1389.2374993292808,2.6709490180685855,45.775823566168896
2026-03-21 06:45:00,WTG-08,4594,1254.115197498602,2.4225931454350884,36.64609270702819
2026-03-21 07:00:00,WTG-08,1858,1572.1718786304973,3.2003424176358903,48.65129246684035
2026-03-21 07:15:00,WTG-08,2423,1076.9861031725495,2.409778353589056,40.645867303924156
2026-03-21 07:30:00,WTG-08,4289,852.4876248605308,1.6019163853961682,14.954664655187743
2026-03-21 07:45:00,WTG-08,1444,1570.3034684661395,3.307463298939204,49.17718534184259
2026-03-21 08:00:00,WTG-08,2788,1201.1949423132612,1.9655705379504314,46.713781919784665
2026-03-21 08:15:00,WTG-08,1221,1100.4836139335757,2.0868657861962485,34.42467951405398
2026-03-21 08:30:00,WTG-08,4454,999.9042511090469,2.115938162728884,38.249992349435644
2026-03-21 08:45:00,WTG-08,4952,1638.34519650227,3.398967442482266,46.00429514742089
2026-03-21 09:00:00,WTG-08,1591,800.0,1.4717419746664642,23.83976252918143
2026-03-21 09:15:00,WTG-08,2030,1800.0,5.2265716089233765,54.167623511942935
2026-03-21 09:30:00,WTG-08,2295,1684.9650790917972,3.1465634030776037,39.460996975960065
2026-03-21 09:45:00,WTG-08,4810,1305.6087807034194,2.5739343274580295,33.327374281851576
2026-03-21 10:00:00,WTG-08,2017,1130.7158369369297,2.4077580216555647,28.43709971118796
2026-03-21 10:15:00,WTG-08,3063,1495.4325718449431,2.61277700665873,48.97330754551093
2026-03-21 10:30:00,WTG-08,2447,1387.5328392343667,2.765204012164689,45.98675070545127
2026-03-21 10:45:00,WTG-08,3045,1501.475632353199,2.8491833295126185,46.66445118412863
2026-03-21 11:00:00,WTG-08,1523,1333.3167210023,2.7882787434935516,44.12001611434753
2026-03-21 11:15:00,WTG-08,3850,1282.6289446123328,2.492634763675761,37.658121274761115
2026-03-21 11:30:00,WTG-08,4824,1194.6221415725477,2.327022284916456,41.84832259487415
2026-03-21 11:45:00,WTG-08,3068,987.4438478516929,2.3528175541226166,29.667257648711146
2026-03-21 12:00:00,WTG-08,4761,1365.7153560230142,2.3283756899539,41.260780917824206
2026-03-21 12:15:00,WTG-08,3275,1732.2303145578212,3.206331736931133,50.63894627042257
2026-03-21 12:30:00,WTG-08,4055,1367.233814384187,2.8139066919975715,44.43926681970775
2026-03-21 12:45:00,WTG-08,2808,800.0,1.221764443140207,21.894005916935434
2026-03-21 13:00:00,WTG-08,2311,1463.0246784104231,2.856537034060136,48.77289723830303
2026-03-21 13:15:00,WTG-08,3856,1286.8540309130158,2.5563685219431522,32.944875223810435
2026-03-21 13:30:00,WTG-08,4205,1249.9316110891818,2.4287294324657176,32.00336705903449
2026-03-21 13:45:00,WTG-08,2306,1130.7004170303735,2.2230853548219294,37.35814628654373
2026-03-21 14:00:00,WTG-08,3451,1650.0446134646527,3.1988410290681197,49.058617331024514
2026-03-21 14:15:00,WTG-08,4736,1677.2373643723708,3.0650135888663805,48.047663850405485
2026-03-21 14:30:00,WTG-08,2089,1071.0970440735975,2.028573447121466,36.58319998458522
2026-03-21 14:45:00,WTG-08,2672,1240.1706861848752,2.690272472151739,34.16881351511583
2026-03-21 15:00:00,WTG-08,4675,1103.7942107874107,1.9350758510323312,32.11282005212047
2026-03-21 15:15:00,WTG-08,1436,1042.633307281139,1.7571437018646205,38.27513896878997
2026-03-21 15:30:00,WTG-08,1828,1365.3792017980738,2.100347056693731,48.65708778299546
2026-03-21 15:45:00,WTG-08,3981,1388.9382331643246,3.002575272976569,49.53013804628137
2026-03-21 16:00:00,WTG-08,1258,1558.8714329756017,3.0691664633211486,45.35551410459849
2026-03-21 16:15:00,WTG-08,3003,1171.7172905425898,2.759854321722977,41.30503324120004
2026-03-21 16:30:00,WTG-08,2989,1507.6331742659322,2.9046365172560225,40.48423108913457
2026-03-21 16:45:00,WTG-08,1102,1326.1358506681138,2.7619117609695825,35.2495611464331
2026-03-21 17:00:00,WTG-08,1992,1238.833179551435,2.092977200137879,25.41271612342124
2026-03-21 17:15:00,WTG-08,4638,1275.752417733491,2.706427829470698,46.63691354149738
2026-03-21 17:30:00,WTG-08,1768,1310.0535477516325,2.9579437030967175,34.98170718716858
2026-03-21 17:45:00,WTG-08,2124,1415.464689710232,2.9251821275609684,41.83127779257166
2026-03-21 18:00:00,WTG-08,2221,1427.1770235484098,3.249451601340247,38.26368899681088
2026-03-21 18:15:00,WTG-08,3860,1521.5536324963396,2.892887374091217,49.122435216540886
2026-03-21 18:30:00,WTG-08,3273,1120.7487740369681,2.6545141573252002,31.744294917522343
2026-03-21 18:45:00,WTG-08,3990,1581.5039915387938,3.157316466840956,40.92103529399907
2026-03-21 19:00:00,WTG-08,3510,1004.3116030007527,2.424185569972745,32.337660910952884
2026-03-21 19:15:00,WTG-08,1236,956.335629142066,1.9767308191914603,21.521418750210835
2026-03-21 19:30:00,WTG-08,4097,1337.430357622896,2.346185084084885,35.935882102109424
2026-03-21 19:45:00,WTG-08,2144,1057.119136494753,2.042108694702347,21.179128521712187
